,Smiles String,Cdiv ID,agg?
0,FC(F)(F)S(=O)(=O)c1ccc(cc1)S(=O)(=O)C(F)(F)F,0195-0009,0
1,N\N=C/1\C(=O)N(CC(=O)Nc2ccccc2)c3ccccc13,0784-0296,0
2,COc1ccc2O\C(=N\NC(=O)c3ccc(Br)cc3)\C(=Cc2c1)C(=O)N,1612-0974,0
3,COc1ccc2C=C(C(=O)Oc2c1)c3nnc(N)s3,1711-1412,0
4,COc1cccc(OC)c1C(=O)NC2=C(C)N(C)N(C2=O)c3ccccc3,2134-0382,0
5,COc1ccc(cc1OC)C2N(Cc3ccccc3)C(=O)C(=C2C(=O)C)O,3141-0125,0
6,CCN(CC)c1ccc(\C=N/NC(=O)CN2CCN(Cc3ccccc3)CC2)c(O)c1,3254-2314,0
7,Fc1ccc(cc1)C(=O)N2CCN(Cc3ccc4ccccc4c3)CC2,3381-0333,0
8,Nc1ccc(cc1)C2(c3ccc(N)cc3)c4ccccc4c5ccccc25,0384-0038,1
9,CCOC(=O)C1C(CN(C(=O)c2ccc(OC)cc2)C1=O)c3ccccc3,0908-0049,0
10,COCCOC(=O)C1=C(C)NC2=C(C1c3ccc(OC)cc3OC)C(=O)CC(C)(C)C2,1630-1627,0
11,COc1ccc(cc1)C(=O)N\N=C\c2cc(Cl)ccc2O,1761-2016,1
12,C1C=CC2C1C(Nc3ccc4ccccc4c23)c5ccccc5,1959-0064,1
13,CN1C(=O)N(C)C(=O)C(=Cc2ccccc2OCc3ccc(cc3)[N+](=O)[O-])C1=O,2151-0949,0
14,COC(=O)C1=C(C)OC(=C(C#N)C1c2ccccc2)N,2434-0081,0
15,COC(=O)C1=C(C)N=C2S\C(=C\c3ccccc3)\C(=O)N2C1c4ccccc4Cl,3215-0106,0
16,CCCCN1C(=N)N(CCO)c2ccccc12,3260-0386,0
17,CCOc1ccc(Nc2nc(Cl)nc(Nc3ccc(OC)c(OC)c3)n2)cc1,3391-6686,1
18,Cc1ccc(cc1)C(=O)Nc2ccc(cc2)S(=O)(=O)Nc3nc(C)cc(C)n3,0389-1061,0
19,Cc1nc(C)c(N)c(O)n1,1107-0578,0
20,COc1cc(cc(OC)c1OC)C2Nc3cccc4cccc(N2)c34,1648-3640,0
21,CN(Cc1ccccc1)C(=O)c2cccc(c2)[N+](=O)[O-],1763-0769,0
22,CCS(=O)(=O)CCc1nnc(NC(=O)Nc2cccc(c2)C(F)(F)F)s1,1978-0771,0
23,Cc1ccc(cn1)C(=O)N\N=C\c2c(O)ccc3ccccc23,2181-0304,0
24,Brc1ccc(\C=N\NC(=O)c2cccs2)cc1,3253-0411,1
25,O=C(N\N=C\c1cccnc1)NC23CC4CC(CC(C4)C2)C3,3284-0822,0
26,CC(C)c1ccc(C)cc1OCCNc2nc3N(C)C(=O)N(C)C(=O)c3n2C,3448-6547,0
27,CC12CC3CC(C)(C1)CC(CNC(=O)c4ccc(cc4)[N+](=O)[O-])(C3)C2,0573-2248,0
28,CN(C)c1oc(nc1S(=O)(=O)c2ccc(C)cc2)c3ccccc3,1187-1046,1
29,CC(C)NC(=O)C1=Cc2ccccc2OC1=O,1682-4343,0
30,CCOC(=O)c1c(C)nc2n(Cc3ccccc3)c4ccccc4n12,1770-0239,0
31,CCCOC(=O)c1ccc(NS(=O)(=O)C)cc1,1988-0479,0
32,Br\C(=C/c1ccccc1)\C=N\NC(=O)CNc2cccc3ccccc23,2181-1127,1
33,Cc1ccc(cc1)S(=O)(=O)Nc2ccccc2C(=O)Nc3nc(cs3)c4ccc(F)cc4,2513-0502,1
34,COC(=O)c1ccc(\C=N/N2CCN(CC2)c3ccccn3)cc1,3253-1141,0
35,Cc1cccc(N2C(=O)C(=C(Nc3ccccc3)C2=O)Cl)c1C,3453-0991,1
36,O=C(OCC(=O)c1ccccc1)C(c2ccccc2)c3ccccc3,0584-0340,1
37,[O-][N+](=O)c1ccc2NC(=O)\C(=N\N=C(\Nc3ccccn3)/c4ccccn4)\c2c1,1348-1421,0
38,OC(=O)CN1C(=O)CSC1=S,1682-6786,0
39,Cc1onc(c2ccccc2Cl)c1C(=O)N3CCN(CC3)c4ccc(F)cc4,1778-2728,0
40,COc1cccc(\C=C\2/NC(=S)NC2=O)c1O,1997-0865,0
41,CCc1nnc(NC(=O)c2nc[nH]n2)s1,2238-0066,0
42,CCOC(=O)c1c(C)c(C)sc1NC(=O)Cc2cccc3ccccc23,2712-3260,1
43,C\C(=N/NC(=O)c1cc(n[nH]1)C2CC2)\c3ccccc3,3253-2786,0
44,Fc1ccc(cc1)C(=O)Nc2nc3c(cc4CCc5cccc3c45)s2,3339-4762,1
45,FC1=CN(Cc2ccccc2)C(=O)N(Cc3ccccc3)C1=O,3454-2226,0
46,Cc1ccc(cc1)C(=O)Nc2ccc(N)cc2,0627-0141,0
47,CCOc1ccccc1C(=O)Nc2cc(Cl)ccc2Cl,2043-6447,1
48,CCCCOc1ccc(cc1)C(=O)C(=C2Nc3ccccc3N2)C#N,2291-3304,1
49,Oc1c(Br)cc(Br)cc1\C=N\N2CCN(Cc3ccccc3Cl)CC2,3254-0184,0
50,O=C(OCCNC(=O)c1cccnc1)C2COc3ccccc3O2,3343-3080,0
51,CCOC(=O)C1=Nc2ccccc2C(=O)N1c3ccc(F)cc3F,3470-5676,0
52,CCN(CC)c1ccc2C=C(C(=O)Oc2c1)c3csc(N\N=C\c4ccccc4)n3,0657-0230,1
53,Oc1cc2ccccc2cc1C(=O)N\N=C\c3oc(cc3)c4ccc(Cl)cc4,1502-1187,1
54,CCOc1ccccc1NC(=O)COc2ccc(cc2)C(C)C,1683-4862,1
55,COc1cc(OC)cc(c1)C(=O)N2c3ccccc3Sc4ccccc24,1900-2706,1
56,CCOc1cc(\C=C\2/SC(=S)N(NC(=O)c3ccccc3Cl)C2=O)ccc1O,2110-0302,1
57,Cc1ccc(CC2S\C(=N\c3ccccc3)\NC2=O)cc1,2291-3999,0
58,CCOc1ccc(cc1)\N=C\2/SC(CC(=O)N2Cc3ccccc3)C(=O)Nc4ccccc4OC,2738-0167,1
59,C\C(=N/NC(=O)c1occc1)\c2ccncc2,3254-0251,0
60,CC12COC3(CC1CCC23C)C(=O)Nc4nc5ccccc5s4,3343-3346,0
61,OC(=O)c1cc(ccc1Cl)S(=O)(=O)NCc2occc2,3506-0319,0
62,Cc1cccc(NC(=O)c2ccc(cc2)S(=O)(=O)N3CCCCC3)c1,0663-0335,1
63,CSc1nc(NC(=O)C)n[nH]1,1591-0010,0
64,COc1cc(\C=N\NC(=O)CN2c3ccccc3C(=O)c4ccccc24)ccc1O,1693-0015,1
65,NC(CC=C)(CC=C)c1ccc(cc1)C(N)(CC=C)CC=C,1909-0383,0
66,COc1ccc(Cl)cc1C2=N\C(=C/c3ccccc3C(F)(F)F)\C(=O)O2,2125-0548,0
67,COc1ccc(\C=N/NC(=O)c2cc(n[nH]2)C(C)(C)C)cc1OC,2322-1823,0
68,COc1cccc(CNCCc2cccc(Cl)c2)c1OC,2910-2015,0
69,C\C(=N/NC(=O)Cc1cccn1C)\c2cccc(Br)c2,3254-1180,0
70,OC(=O)C1C2CCC(C2)C1C(=O)Nc3nc(cs3)c4ccc(Cl)cc4,3360-9787,0
71,CCOC(=O)c1c(C)oc2ccc(O)c(CN3CCCCC3)c12,3570-0016,0
72,CCOC(=O)c1c(C)oc2ccc(OCC(=O)O)cc12,3570-0188,0
73,CCCCNc1nc(nc2ccccc12)c3ccccc3F,3909-9084,0
74,Brc1ccc2OC3(CCCC3)N4N=C(CC4c2c1)c5cccs5,4077-0257,1
75,Cc1cccc(c1)N2C(=CC(=O)NC2=O)N,4175-2673,0
76,CN(C)Cc1ccccc1OC(=O)N(C)C,4364-0120,0
77,Oc1cccnc1N2C(=O)C3C4CC(C=C4)C3C2=O,4557-0110,0
78,COc1ccc(OC)c(CN2CCN(CC2)C(=O)COc3ccc(Br)cc3)c1,4964-2159,0
79,CC1(C)CC(=O)c2sc(NC(=O)\C=C\c3ccccc3Cl)nc2C1,5298-5553,1
80,Brc1ccc2N=CN(CC(=O)OCc3ccccc3)C(=O)c2c1,5596-1094,0
81,CCN1C(=C(SC1=S)C(=O)N2CCCCC2)N,6000-1612,0
82,CCN(CC)Cc1c(O)ccc2C(=O)C(=C(Oc12)C(F)(F)F)c3ccc(OC)c(OC)c3,3643-2344,0
83,CCOCCOC(=O)C1=C(C)NC(=O)NC1c2cccc(Cl)c2,4099-6643,0
84,COC(=O)C1=C(C)N(C(=O)/C/1=C\c2ccc(OC)cc2OC)c3ccccc3F,4207-0068,0
85,NC1=C(C#N)C(C2=C(CCCC2=O)N1c3nc[nH]n3)c4ccc(Cl)cc4Cl,4404-0217,0
86,COc1ccc(\C=N\NC(=O)COc2ccc3C(=CC(=O)Oc3c2)C)cc1,4565-0004,0
87,Cc1ccc(NC(=O)CN2C(=O)N\C(=C\c3cc(C)n(c3C)c4cccc(c4)C(=O)O)\C2=O)cc1,4998-0076,0
88,CCCCOC(=O)CSCC(=O)Nc1cc(C)on1,5311-0245,0
89,COc1ccc(OC)c(\C=C\2/Sc3ncnn3C2=O)c1,5629-0627,0
90,CCOC(=O)C1=C(C)N=C2S\C(=C/C=C/c3occc3)\C(=O)N2C1c4ccccc4,3647-1654,0
91,CCOc1ccc(cc1)C2N3C(=O)CSC3=NC(=C2C(=O)Nc4ccccc4)C,3971-1925,0
92,Cc1cc(O)nc(n1)N2CCCCC2,4123-0034,0
93,Fc1cnc(Cl)nc1N2CCN(CC2)c3ccccc3,4215-0280,0
94,COC(=O)C(C)NC(=O)c1ccc(F)cc1,4462-7638,0
95,O=C(CN(Cc1ccccc1)S(=O)(=O)c2ccccc2)NC3CC3,4567-0132,0
96,CC(C)c1ccc(cc1)C(=O)CC2(O)C(=O)N(CCCC#N)c3ccccc23,5056-0029,0
97,C[N+](C)(N)CCOCC[N+](C)(C)N,5491-0254,0
98,CC(C)NC(=O)C1CCN(CC1)S(=O)(=O)c2ccc(C)cc2,5641-1580,0
99,NC1=C(C#N)C(C2=C(O1)Oc3ccccc3C2=O)c4ccc(F)cc4,6049-0978,0
100,CC(C)CC(N1C(=O)c2ccccc2C1=O)C(=O)Nc3c(C)cccc3C,3991-0016,0
101,CCOC(=O)C1CCN(CC1)C(=O)c2ccc(cc2)C(=O)N3CCC(CC3)C(=O)OCC,4130-2290,0
102,COc1cc(cc(OC)c1OC)C(=O)N2CCC(C)CC2,4275-0515,0
103,OC1=C(C(N(C1=O)c2ccccn2)c3ccc(Cl)cc3)C(=O)c4ccc(Cl)cc4,4476-4587,0
104,CC(C)(C)C(=O)NC1CCSC1=O,4606-3833,0
105,COc1ccc(cc1C)c2csc(Nc3cccc(C)n3)n2,5186-0241,1
106,CC(C)C12CN3CC(CN(C1)C3c4cccnc4)(C(C)C)C2=O,5504-0438,0
107,CCc1ccccc1NC(=O)C2CCN(CC2)C(=O)c3ccc(OC)c(OC)c3,5641-2196,0
108,Brc1oc(cc1)C(=O)Nc2ccc3NC(=O)Nc3c2,6049-0989,0
109,COc1ccc2[nH]c(SCc3cccc(I)c3)nc2c1,3736-0402,1
110,CN(C)c1ccc(NC(=O)c2oc3ccccc3c2)cc1,3993-4237,1
111,COc1ccc(CC(=O)NN2C(=O)c3ccccc3N=C2c4ccccc4)cc1,4151-0039,0
112,CC1=C(C(C(=C(N1)SCC(=O)Nc2ccc(Cl)c(Cl)c2)C#N)c3occc3)C(=O)N,4296-0709,1
113,CCN1C(=O)CC(S/C/1=N\c2ccc(F)cc2)C(=O)Nc3ccc(Br)cc3,4514-0614,1
114,CCOC(=O)c1c2CC(C)(C)OCc2sc1NC(=O)C3CC(=CCC3C(=O)O)Cl,4644-0543,0
115,COc1ccc(CCNC(=O)c2sc3nc4CCCCCCc4cc3c2N)cc1OC,5518-1719,0
116,Cc1nc(c(N2CCOCC2)n1Cc3ccccc3)[N+](=O)[O-],5696-0027,0
117,CCOc1ccccc1c2cc(C(=O)Nc3ccc(cc3)S(=O)(=O)N)c4ccccc4n2,6049-2574,1
118,Brc1cccc(c1)C(=O)N\C(=C\c2occc2)\C(=O)Nc3ccccc3,3771-8282,1
119,COc1ccc(cc1C)C(=O)CSc2nc(C)cc(C)n2,3996-0126,0
120,CNc1ccccc1C(=O)\N=C(\N)/Nc2nc(C)c3cccc(C)c3n2,4151-0158,0
121,CCSc1nc(N)c2c(C)c(C)sc2n1,4333-3685,0
122,COc1ccccc1NC(=O)CC(NCCCN2CCOCC2)C(=O)O,4553-3738,0
123,CC(=O)c1c(C)n(Cc2ccccc2)c(C)c1C(=O)C,4861-0084,0
124,Cc1cc(OCC(=O)n2cnnc2N)cc(C)c1Cl,5203-0008,0
125,COc1ccc(cc1)c2oc3ccc(NC(=O)Cc4ccc(OC)c(OC)c4)cc3n2,5522-0211,0
126,CCCCCNc1nc(CCCC)c2COC(C)(C)Cc2c1C#N,5921-0104,0
127,COc1cc(NC(=O)c2sc3nc(ccc3c2N)c4ccc(F)cc4)cc(OC)c1OC,6114-0120,0
128,COc1cc(ccc1c2oc(CO)cc2)[N+](=O)[O-],3820-0435,0
129,COc1ccc(cc1)C(C(=O)OCCN(C)C)c2ccccc2,4055-0033,0
130,Cc1cccc(OCC(=O)NCc2ccccn2)c1,4173-0168,0
131,COc1ccc(cc1)C(=O)C2=C(O)C(=O)N(C2c3ccccc3F)c4nnc(C)s4,4340-2841,0
132,COc1ccc(cc1)N2CCN(CC2)C(=O)CCCN3C(=O)c4cccc5cccc(C3=O)c45,4554-4389,0
133,O=C(CSc1oc(COc2ccccc2)nn1)NCCc3ccccc3,4921-0535,0
134,COc1cccc2c1N(C3CC(C)CCC3C2(C)C)C(=O)C,5212-0111,0
135,COC(=O)c1ccccc1S(=O)(=O)NC(=O)c2ccccc2,5562-0102,0
136,COc1ccc(Br)cc1C2C(=C(N)Oc3cc4OCOc4cc23)C#N,5948-4338,1
137,Oc1nc(O)c2sc3nc(cc(c3c2n1)C(F)(F)F)c4ccncc4,6114-0254,0
138,CCN(CC)S(=O)(=O)c1cccc2nsnc12,3908-2235,0
139,CN1C(=O)N(C)C(=O)C(=C1\C=C\c2ccccc2Cl)[N+](=O)[O-],4071-0035,0
140,CCOC(=O)N1CCN(CC1)C(=O)C(=O)NN,4173-0537,0
141,CCOC(=O)c1cnc2c(C)cc(Cl)cc2c1Nc3cccc(c3)C(=O)O,4358-1418,0
142,CCOc1ccc(cc1)C2CC(=O)NC(=C2C#N)SCC(=O)Nc3cccc(C)c3,4554-6348,1
143,O=C(COc1ccccc1)OC2CN3CCC2CC3,5269-0153,0
144,O=C1CC(NCc2ccccc2)C(=O)N1c3ccccc3,5593-0307,0
145,COc1cccc(NC(=O)CCN2CC(C)OC(C)C2)c1,5979-0025,0
146,NN1C(=O)c2ccccc2N=C1c3cccc(COc4ccccc4Br)c3,6228-1083,1
147,Nc1nc2NC(CC(c3ccccc3)n2n1)c4ccc(Cl)cc4,6321-0294,0
148,CN(C)c1ccc(NC(=O)C(=O)NCc2occc2)cc1,8003-3025,0
149,CCC1S\C(=N\N=C(/C)\c2ccc(Br)cc2)\NC1=O,8008-8367,1
150,CC(=O)NC1=NN(C(=O)C)C(C)(CCS(=O)(=O)c2ccc(Cl)c(Cl)c2)S1,8012-3595,0
151,CCN1CCN(CC1)C(=O)C2=NNC(=O)c3ccccc23,C066-0265,0
152,COc1ccc(cc1)C(NC(=O)Cc2cccs2)C(=O)Nc3ccc4OCCOc4c3,C094-0212,1
153,CCOc1ccccc1C(=O)Nc2c(nc3ccccn23)c4cccs4,C188-0287,0
154,[O-][N+](=O)c1cnn(c1)c2nc(cc(n2)C(F)(F)F)c3cccs3,C226-4643,0
155,Fc1ccc(CNC(=O)CSc2oc(CNC(=O)c3cccs3)nn2)cc1,C328-0365,0
156,CCC(=O)N1CCCc2cc(ccc12)S(=O)(=O)N3CCC(=CC3)c4ccccc4,C444-2160,1
157,COc1ccc(cc1)C(=O)CCN2CCC(C)CC2,6350-0009,0
158,Oc1ccc(cc1)N2C(=O)c3cc4ccccc4c(c5ccccc5)c3C2=O,8003-5245,1
159,CC(=O)Nc1sc(C(=O)C)c(C)c1C(=O)O,8009-0757,0
160,CC(=O)OC1CC(C)(C)N(O)C(C)(C)C1,8012-7397,0
161,COc1ccc(cc1)C2C(C(=O)NCc3occc3)c4ccccc4C(=O)N2C5CCCCC5,C066-0450,0
162,CCOCCCNC(=O)C(NC(=O)Cc1cccs1)c2ccc(Cl)cc2,C094-2029,0
163,Cc1ccccc1Cn2cc(c3ccccc23)S(=O)(=O)CC(=O)NC4CCCCC4,C189-0341,1
164,CCCCN(CCCNC(=O)c1cc(nc2ccccc12)c3cccs3)Cc4ccccc4,C228-0178,0
165,COc1ccc(NS(=O)(=O)c2ccc3N(C)C(=O)N(C)C(=O)c3c2)cc1Cl,C341-0166,0
166,CCOc1ccccc1NC(=O)CSC2=CC(=O)N(C)c3cc(Cl)ccc23,C463-0324,0
167,OCCN1CNC(=Nc2nc3ccccc3s2)NC1,6359-0031,0
168,Cc1ccc(OCCSC2=NC(=O)c3ccccc3N2)cc1,8010-0526,1
169,COc1ccccc1c2oc(\C=C(/NC(=O)c3ccccc3)\C(=O)NCCCn4cccn4)cc2,8012-8355,0
170,COc1ccc(OC)c(NC(=O)CN2C=Cc3ccccc3C2=O)c1,C066-1035,0
171,CCCN(CCC)C(=O)CCS(=O)(=O)c1cccc2nsnc12,C105-0759,0
172,CCOc1ccc(cc1)N2C(=N\C(=C/c3ccc(OC)cc3)\C2=O)SCC,C249-0131,0
173,CN(CCNS(=O)(=O)c1ccc2N(CCc2c1)C(=O)C3CC3)Cc4ccccc4,C361-0844,0
174,O=C(NCC(N1CCOCC1)c2cccnc2)NC3CCCCC3,C467-0146,0
175,O=C1Oc2cc(OCc3ccccc3)ccc2C=C1,6486-0040,0
176,CN(CC(=O)N\N=C\c1ccccc1[N+](=O)[O-])c2ccccc2,8003-9812,0
177,CC(=O)c1ccc(NCN2C(=O)[C@@H]3CC=CC[C@@H]3C2=O)cc1,8010-4802,0
178,Cc1cc(Cl)nc(Cl)c1S(=O)(=O)NC2CCCCC2,8012-8555,0
179,O=C1CCCC2=C1C(C3=C(N2)N=C(NC3=O)SCc4ccccc4)c5ccncc5,C117-0068,0
180,COc1ccc(NC(=O)C2CCCN(C2)S(=O)(=O)c3ccc(Br)s3)cc1OC,C274-2775,0
181,CCOC(=O)C1CCCN(C1)C(=O)c2oc3nc4cc(OC)ccc4cc3c2,C369-0321,0
182,CN1C(=O)N(C)c2nc(CN3CCC(Cc4ccccc4)CC3)n(Cc5ccccc5Cl)c2C1=O,C470-0271,0
183,O=C1c2ccccc2c3nc4ccncc4nc13,8001-7253,0
184,COc1cc(cc(OC)c1OC)C(=O)NCC(=O)N\N=C/c2ccc(C)cc2O,8005-1104,0
185,CCCCCCNC=C1C(=O)NC(=O)NC1=O,8010-7388,0
186,O=C(N1CCCCC1c2cccnc2)c3ccc(cc3)S(=O)(=O)N4CCOCC4,8012-9580,0
187,Fc1ccc(cc1)n2nc3CS(=O)Cc3c2NC(=O)C4CC4,C077-0148,0
188,COCCNC(=O)CCS(=O)(=O)c1cccs1,C137-0371,0
189,[O-][N+](=O)c1c(Cl)ncnc1NCc2ccccc2,C285-0142,0
190,CSc1cccc(NS(=O)(=O)c2ccc3NC=C(C(=O)N4CCCCCC4)C(=O)c3c2)c1,C385-0708,0
191,CCOC(=O)C1=NN(C(=O)c2c(NC(=O)c3cccs3)scc12)c4ccc(C)cc4,C480-0198,0
192,Cc1cccc(C)c1OCC(=O)N\N=C\c2ccc3OCOc3c2,8003-1712,0
193,CC1=C(C(C(=C(C)N1)C(=O)NCc2ccccc2)c3cccc(c3)[N+](=O)[O-])C(=O)NCc4ccccc4,8006-3337,0
194,Clc1nc(Cl)nc(Nc2ccccc2)n1,8011-1246,0
195,O=C(Nc1ccccc1)c2cccc(c2)S(=O)(=O)NCCC34CC5CC(CC(C5)C3)C4,8013-1565,1
196,CCOc1ccc(OCC)c(NS(=O)(=O)c2cc(Br)cc3CCN(C(=O)C)c23)c1,C082-1127,0
197,CC(C)C(NC(=O)C1CCC(C)CC1)C(=O)N2CCC3(CC2)OCCO3,C155-0460,0
198,COc1ccc(Cl)cc1NC(=O)CCC(=O)Nc2ccc3nc(cc(C)c3c2)N4CCOCC4,C204-0021,0
199,CCN1CCN(CC1)C(=O)Cc2c([nH]c3ccc(Cl)cc23)C(=O)O,C289-0326,0
200,FC(F)(F)c1cccc(NC(=O)Cn2ncc3C(=O)Oc4ccccc4c23)c1,C434-0009,1
201,CCOC(=O)c1cn(CC(=O)Nc2cc(C)ccc2C)nn1,C513-0035,0
202,CC(=O)Nc1ccc(NC(=O)C\C(=N\NC(=O)C(=O)Nc2cccc(Cl)c2C)\C)cc1,8003-1972,0
203,Cc1ccc(cc1)N2C(=O)c3ccc(cc3C2=O)C(=O)OCc4ccccc4,8008-6255,0
204,CS(=O)(=O)N1CCc2cc(ccc12)S(=O)(=O)N3CCCCC3,8011-8575,0
205,COc1ccc(cc1)N2C(=S)Nc3cc(ccc3C2=O)C(=O)N4CCC(CC4)C(=O)N,A0062078,0
206,COc1ccccc1N2CCN(CC2)S(=O)(=O)c3ccc(Br)s3,C085-1642,1
207,COc1ccc(CNC(=O)CCC2=Nc3sc4CCCCc4c3C(=O)N2)cc1,C173-0451,0
208,COc1ccc(NS(=O)(=O)c2cccs2)cc1,C206-0697,0
209,Cc1nn(C)c(C)c1S(=O)(=O)NCCc2ccc(cc2)S(=O)(=O)N,C436-3102,0
210,CCN(CC)CCNC(=O)C1=CN(C)c2ccc(cc2C1=O)S(=O)(=O)N3CCOCC3,C519-0473,0
211,CCc1ccccc1NC(=O)C\C(=N\NC(=O)C(=O)NCCOC)\C,8003-2146,0
212,COc1cccc(\C=C/2\S\C(=N/c3ccc(C)cc3)\NC2=O)c1,8008-7159,1
213,Cc1ccccc1c2nnn(CC(=O)NCCc3ccccc3)n2,8012-0429,0
214,NC1=C(SC(=S)N1c2ccc(Cl)cc2)C(=O)Nc3ccccc3,A0062594,0
215,Cc1cccc(C)c1NC(=S)N(CCCN2CCCC2)Cc3cccs3,C087-1028,0
216,CCCCCn1c(nc2ccccc12)C(C)NC(=O)CC,C174-0418,0
217,O=C(N1CCc2ccccc2C1)c3cc(on3)c4cccs4,C226-1864,0
218,CC(=O)N1CCc2cc(ccc12)S(=O)(=O)NCc3ccc(C)cc3,C324-2669,0
219,CCC(=O)N1CCN=C1SCc2cccc(c2)[N+](=O)[O-],C441-1076,0
220,CC1CCCC(NC(=O)CSCc2nc(oc2C)c3ccccc3C)C1C,C523-0873,0
221,CSc1cccc(NC(=O)c2nnn(Cc3ccc(F)cc3)c2N)c1,C549-0174,1
222,C\C(=N\Nc1ccc(cc1)C(=O)O)\c2cc(Cl)sc2Cl,K007-0705,0
223,CCOc1cc2NC(=O)N(CCC(=O)NC(C)CC)C(=O)c2cc1OCC,K221-3325,0
224,CCOc1ccccc1N2C(=S)SC(=C2N)C(=O)Nc3ccccc3C,K286-3285,0
225,COC(=O)C1=C(NC(=S)Nc2ccccc2Br)N=NC1,K781-0109,0
226,Cc1ccc(CNC(=O)CC(C(=O)N2CCc3ccccc23)n4ccnc4)cc1,K786-0522,0
227,Cc1nc(N2CCOCC2)c3c(C)c(sc3n1)C(=O)NCc4ccccc4Cl,K823-1719,0
228,CCOc1ccccc1NC(=O)CN2CCN(CC(=O)Nc3ccccc3OC)CC2,K940-2793,0
229,Cc1ccc(Cn2nnc3C(=O)N(Cc4cc(C)ccc4C)C=Nc23)cc1,C656-0069,1
230,O=C(Nc1ccc2ccccc2c1)N3CCN(CC3)C(=O)c4occc4,K062-0066,0
231,Cc1ncc(CO)c2C=C(C(=O)Nc3ccc(F)cc3F)C(=N)Oc12,K227-0026,0
232,CCCN1C(=S)Nc2cc(ccc2C1=O)C(=O)NCCN(C)C,K288-0071,0
233,CC1CCCCN1C(=O)c2ccc(Sc3ccc(F)cc3)c(c2)[N+](=O)[O-],K781-2996,1
234,CC(C)CCN(C)C1CCN(CC1)S(=O)(=O)c2ccc(Cl)cc2,K786-3588,0
235,Cc1c(sc2ncnc(N3CCN(CC3)c4ccccn4)c12)C(=O)Nc5ccccc5F,K823-1880,0
236,CCCN(CCC)CCCNC(=O)C1=NN(C(=O)c2ccccc12)c3cccc(OC)c3,K999-0215,0
237,COc1ccc(cc1)n2nnc3C(=O)N(CC(=O)Nc4ccccc4OC)C=Nc23,C656-0644,0
238,Cc1ccsc1\C=N\Nc2nc3ccccc3s2,K072-0220,1
239,Cc1ncc(CO)c2C=C(C(=O)N)\C(=N\c3ccc(cc3)C(F)(F)F)\Oc12,K227-0089,0
240,COc1ccc(CCN2C(=O)c3sccc3N=C2SCC(=O)Nc4cc(C)on4)cc1OC,K292-0739,0
241,[O-][N+](=O)c1cc(ccc1N2CCN(CC2)c3ccccn3)C(=O)NCc4cccs4,K781-3644,1
242,CCCCSCCCNC(=O)Nc1ccc(Cl)c(Cl)c1,K786-5352,1
243,CCOC(=O)C(NC(=O)C1CCCN1C(=O)OCc2ccccc2)C(=O)OCC,K869-0147,0
244,CN1CCN(Cc2nc3N(C)C(=O)NC(=O)c3n2CCc4ccccc4)CC1,C692-0406,0
245,COc1ccc(\C=C\2/N=C(OC2=O)c3occc3)c(OC)c1OC,K075-1398,0
246,CSC1=Nc2c(sc3ccc(cc23)[N+](=O)[O-])C(=O)N1Cc4occc4,K263-0047,0
247,COc1cccc(NC(=O)CSC2=Nc3ccsc3C(=O)N2C4CCCCC4)c1,K292-0969,1
248,COc1ccc(cc1)N2C(=Nc3[nH]ncc3C2=O)SCC(=O)Nc4ccc(C)cc4,K781-5636,0
249,CN(C)C(=O)N1CCC(CC1)C(=O)N2CCC3(CC2)OCCO3,K786-5746,0
250,CCOc1ccccc1NC(=O)c2sc3nc(C)nc(N4CCC(C)CC4)c3c2C,K889-0925,0
251,Cc1ccc(NC(=O)C(=O)c2c(C)[nH]c3ccccc23)cc1C,C730-0394,1
252,CCOc1ccccc1\C=C\2/N=C(OC2=O)c3cc(OC)cc(OC)c3,K075-2067,0
253,Fc1ccc(NC(=O)CSC2=Nc3c(sc4ccccc34)C(=O)N2CC5CCCO5)cc1,K263-0709,0
254,COc1ccc(OC)c(c1)[N+]2=C3SCCCN3C(O)(C2)c4ccc(cc4)[N+](=O)[O-],K404-0215,0
255,COC(=O)c1ccc(N2CCc3ccccc23)c(c1)[N+](=O)[O-],K783-0188,1
256,COc1ccc(CCNC(=O)CN2N=C(CCC2=O)c3ccc(Cl)cc3)cc1OC,K786-6192,0
257,COc1ccc(cc1)c2nnc3ccc(SCC(=O)Nc4ccccc4C)nn23,C742-0611,0
258,CCOc1cccc2C3NC(=S)NC(C)(Oc12)C3C(=O)Nc4ccc(C)cc4C,K272-1287,0
259,Cc1cccc(c1C)n2nc3CS(=O)(=O)Cc3c2NC(=O)c4cccc(Br)c4,K410-0751,0
260,COCCNC(=O)CCS(=O)(=O)Cc1cccc(Cl)c1,K786-7236,0
261,COc1ccc(cc1)n2cnc3cc(ccc23)C(=O)NCC4CCCO4,K894-0174,0
262,Fc1ccc(cc1)n2ncc3C(=O)N(CC(=O)N4CCN(CC4)c5ccccc5)C=Nc23,C801-0362,1
263,CCOc1cccc2C=C(C(=O)Nc3cccc(c3)C(F)(F)F)\C(=N\c4ccc(cc4)C(=O)O)\Oc12,K220-48090,1
264,CCN(CC)C(=O)CSC1=Nc2ccccc2C3=NC(Cc4c[nH]c5ccccc45)C(=O)N13,K279-0112,0
265,COCCNS(=O)(=O)c1ccc(Oc2ccc(cc2)S(=O)(=O)NCCOC)cc1,K691-0077,0
266,Cc1cc(C)c(c(C)c1)S(=O)(=O)NCc2ccc(cc2)C(=O)O,K783-5311,0
267,CCCCOc1ccc(cc1)C(C)NC(=O)C2CCCN(C2)S(=O)(=O)CCC,K786-9706,0
268,CCN(CC)CCCNC(=O)c1sc2ncnc(N(C)c3ccccc3)c2c1C,K895-0299,0
269,NS(=O)(=O)c1ccc(N\N=C(\c2ccccc2)/c3ccc(Br)cc3)cc1,K007-0498,1
270,COc1ccc(N2C(=O)N(CC(=O)NCc3ccc(C)cc3)c4ccccc4C2=O)c(OC)c1,K221-3208,0
271,CC1CN(CCN1c2cccc(C)c2)C(=O)CCN3C(=S)Nc4cc5OCOc5cc4C3=O,K284-5355,1
272,Cc1cccc(Nc2nc(C)nc3sc4CCCc4c23)c1,K696-0253,0
273,CCOc1ccc(NC(=O)CN2C(=O)C3(OCCCO3)c4ccccc24)cc1,K784-8399,0
274,COCCN(C(C)c1cccnc1)C(=S)Nc2cccc(OC)c2,K788-0841,0
275,CCOC(=O)CNC(=O)C1=CN(C(=O)c2ccccc12)c3ccc(C)c(C)c3,K937-0786,0
276,Oc1ccc(cc1)\N=C\c2cc(ccc2O)[N+](=O)[O-],000L-1397,0
277,[O-][N+](=O)c1ccccc1C(=O)Nc2nc(cs2)c3ccc4ccccc4c3,0800-0128,1
278,Clc1ccc(cc1)c2csc(n2)\C(=C\c3cccnc3)\C#N,1085-1055,0
279,Clc1ccc(cc1)c2csc(NC(=O)c3cccc(Cl)c3)n2,1488-0481,1
280,[O-][N+](=O)c1ccc(N\N=C\c2ccc(Cl)cc2)c(c1)[N+](=O)[O-],1682-0205,0
281,Oc1ccc2ccccc2c1\C=C\3/C(=O)Nc4ccccc34,1814-1809,0
282,Oc1ccc(Br)cc1\C=N\NC(=O)c2ccc(Cl)cc2Cl,2108-1341,1
283,CC(C)(C)c1ccc(cc1)c2nnc(NC(=O)c3cccs3)s2,2237-0104,1
284,COC(=O)C1=C(C)NC(=C(C1c2cccc(Cl)c2)C(=O)OC)C,2777-0761,0
285,COc1ccc(N=Nc2c(O)ccc3ccccc23)c(c1)[N+](=O)[O-],0285-0092,0
286,[O-][N+](=O)c1ccc2NC(=O)C(=C(c3ccccc3)c2c1)C(=O)\C=C\c4ccccc4,0590-0525,1
287,COc1ccc(cc1)N=Nc2c(O)ccc3ccccc23,0804-0062,0
288,Oc1ccc(cc1)\N=C\c2ccc(cc2)[N+](=O)[O-],1123-0017,0
289,Oc1ccc(Cl)cc1\C=N/NC(=O)c2cccs2,1523-5774,1
290,Clc1ccccc1c2nnc(NC(=O)c3cccs3)s2,1687-0217,1
291,CCOC(=O)C1=C(C)NC(=C(C1c2oc(cc2)c3ccc(Cl)cc3)C(=O)OCC)C,1889-2996,1
292,Clc1ccc(cc1)C2=N\C(=C/Nc3ccc(Br)cc3)\C(=O)O2,2113-0058,0
293,Oc1ccc(Br)cc1\C=N\NC(=O)c2cc(cc(c2)[N+](=O)[O-])[N+](=O)[O-],2262-4150,1
294,CN(C)c1ccc(Sc2nnc(NC(=O)c3ccc(Cl)cc3)s2)cc1,3202-0050,1
295,Oc1ccc(N=Nc2ccc(cc2)[N+](=O)[O-])c3ccccc13,0325-0403,1
296,Oc1ccccc1\C=N\NC(=O)c2cccc(c2)[N+](=O)[O-],0844-0233,1
297,[O-][N+](=O)c1ccc(NN=C2C(=O)c3ccccc3C2=O)c(c1)[N+](=O)[O-],1184-1702,1
298,CC12CCC3C(CCc4cc(O)ccc34)C1CCC2(O)C#C,1563-0009,0
299,Brc1ccc(cc1)c2nnc(NC(=O)c3cccs3)s2,1687-0292,1
300,Cc1ccccc1Nc2nc(cs2)c3ccc(Cl)cc3,1906-0077,1
301,Cc1ccc(cc1)c2csc(Nc3ccccc3Cl)n2,2293-4303,1
302,Clc1ccc(Sc2ccccc2\C=C/3\SC(=O)NC3=O)cc1,3229-1438,1
303,Oc1ccc2ccccc2c1C=C3C(=O)NC(=O)NC3=O,0326-0520,0
304,Oc1ccccc1\C=N\NC(=O)C(=O)N\N=C\c2ccccc2O,0896-4285,1
305,COc1ccc(\C=N\Nc2nc(cs2)c3ccc(Cl)cc3)cc1,1185-0334,1
306,COC(=O)C1=C(C)NC(=C(C1c2ccc(Cl)cc2Cl)C(=O)OC)C,1630-0098,0
307,CC(C)(C)c1cc(Cl)c(O)c(c1)\N=C\c2ccccc2O,1688-0101,0
308,Oc1c(Cl)cc(Cl)cc1\C=N\NC(=O)c2cccc(c2)[N+](=O)[O-],1910-1439,1
309,[O-][N+](=O)c1cccc(\C=C\C2=N\C(=C\Nc3ccc4ccccc4c3)\C(=O)O2)c1,2124-0315,1
310,COC(=O)c1cc(N\N=C\2/C(=O)C=Cc3ccccc23)cc(c1)C(=O)OC,2294-1243,0
311,Clc1ccc(COc2ccc(\C=C/3\NC(=S)NC3=O)cc2)c(Cl)c1,3229-2666,0
312,Oc1ccccc1\C=N\N=C\C=C\c2ccccc2,0350-0137,1
313,Oc1ccccc1\C=N\N=C/2\C(=O)Nc3ccccc23,0784-0183,0
314,Oc1ccc(cc1\C=N\NC(=O)c2cccs2)[N+](=O)[O-],0906-2979,0
315,Cc1ccc(cc1)c2csc(n2)\C(=C\c3cccc(c3)[N+](=O)[O-])\C#N,1246-0717,0
316,COC(=O)C1=C(C)NC(=C(C1c2cccc(c2)[N+](=O)[O-])C(=O)O)C,1630-0753,0
317,Oc1ccc(Br)cc1\C=N\NC(=O)c2cccc(Cl)c2,1699-1961,1
318,CN(C)c1ccc(\C=C(/NC(=O)c2ccccc2)\C(=O)N\N=C\c3ccccc3O)cc1,1936-2266,1
319,OC1=NC(=NC(=O)/C/1=C/c2ccc(O)cc2)S,2332-0599,0
320,Brc1ccc2NC(=O)\C(=N/c3ccc4ccccc4c3)\c2c1,3235-0039,1
321,Oc1ccccc1\C=N\n2c3ccccc3c4ccccc24,0393-0188,1
322,Brc1ccc(cc1)c2csc(N\N=C\c3ccccc3)n2,0945-0604,1
323,Oc1ccc2ccccc2c1\C=N\c3ccc(C=C)cc3,1252-1580,1
324,CC1=C(C(NC(=O)N1)c2cccc(c2)[N+](=O)[O-])C(=O)OCc3ccccc3,1630-1125,0
325,Cn1cc(\C=N/NC(=O)c2cccs2)c3ccccc13,1719-1336,0
326,CC1=NN(C(=O)/C/1=N/Nc2cccc(c2)C(=O)O)c3nc(cs3)c4ccc(Cl)cc4,1951-2578,0
327,Oc1ccc(cc1)\N=C\2/C(=O)Nc3ccccc23,2166-1998,0
328,[O-][N+](=O)c1ccc(\C=N\NC(=O)c2cc(n[nH]2)c3ccc(OCc4ccccc4)cc3)cc1,2357-3049,1
329,O=C(N\N=C\c1cccc(OCc2ccccc2)c1)c3cccs3,3253-0361,1
330,Ic1ccc(cc1)c2csc(NC(=O)\C=C\c3ccccc3)n2,0485-0277,1
331,O=C(Nc1nc(cs1)c2ccc3ccccc3c2)c4ccccc4,0800-0109,1
332,CN(C)c1ccc(\C=N\Nc2nc(cs2)c3ccc(Br)cc3)cc1,0945-0607,1
333,OC(=O)c1ccc(cc1)\N=C\c2cc(Br)ccc2O,1271-0303,0
334,Oc1ccc(Br)cc1\C=C\2/C(=O)Nc3ccccc23,1814-1801,1
335,CC(=O)Nc1ccc(N\N=C\2/C(=NN(C2=O)c3nc(cs3)c4ccc(Cl)cc4)C)cc1,1951-2583,0
336,Oc1ccccc1\C=N\NC(=O)COc2ccc(Cl)cc2,2180-0282,1
337,O=C(N\N=C\c1c[nH]c2ccccc12)c3cc(n[nH]3)c4ccc(OCc5ccccc5)cc4,2357-3050,1
338,Oc1c(Br)cc(Br)cc1\C=N\NC(=O)c2cccs2,3253-0416,1
339,Brc1ccc(cc1)c2csc(NC(=O)c3cccs3)n2,0547-0134,1
340,O=C(Nc1nc(cs1)c2ccc3ccccc3c2)c4cccs4,0800-0121,1
341,[O-][N+](=O)c1cccc(c1)C(=O)Nc2nc(cs2)c3ccc(Cl)c(Cl)c3,1000-0257,1
342,Clc1ccc(\C=N\NC(=O)c2cccs2)c(Cl)c1,1469-0079,0
343,CC1=NN(C(=O)/C/1=N/Nc2ccc(cc2)C(=O)O)c3nc(cs3)c4ccc(C)cc4,1652-1211,0
344,CCCCCCc1cc(\C=C\2/C(=O)Nc3ccccc23)c(O)cc1O,1814-1806,1
345,[O-][N+](=O)c1ccc(Cl)c(c1)C2=N\C(=C/c3ccc(Br)cc3)\C(=O)O2,2192-1322,0
346,[O-][N+](=O)c1cccc(\C=C(/NC(=O)c2cccs2)\C(=O)Nc3ccccc3Br)c1,2681-3685,1
347,Oc1ccc2ccccc2c1\C=N\NC(=O)c3cc(n[nH]3)c4ccc5ccccc5c4,3253-2326,1
348,Clc1ccc(cc1)c2cc([nH]n2)C(=O)N\N=C\c3c[nH]c4ccccc34,3253-2866,1
349,Oc1ccccc1\C=N\NC(=O)c2cc(n[nH]2)c3ccc(Cl)cc3Cl,3254-3800,1
350,Clc1ccc(COc2ccc(C=C3C(=O)NC(=O)NC3=O)cc2)cc1,3794-0023,0
351,Clc1ccc(NC2=NC(=O)\C(=C/3\C(=O)Nc4ccccc34)\S2)cc1,4356-1378,1
352,COC(=O)C1=C(C)NC(=C(C1c2oc(cc2)c3cc(Cl)ccc3Cl)C(=O)OC)C,4476-1849,1
353,CC(C)(C)c1cc(C=C2C(=O)NC(=O)NC2=O)cc(c1O)C(C)(C)C,4896-1256,1
354,Oc1ccc(\C=C\2/C(=O)ON=C2c3ccc(Cl)cc3)cc1,5895-0010,1
355,Oc1ccc(Nc2nc(cs2)c3ccc(Cl)cc3)cc1,8002-9863,1
356,OC(=O)c1ccc(cc1)\N=C\c2ccc(OCc3ccccc3)cc2,8004-0279,0
357,Oc1ccc(Br)cc1\C=N\NC(=O)c2cc(n[nH]2)c3cccs3,3253-4022,1
358,Oc1ccc(Br)cc1\C=N\NC(=O)C2=NNC(=O)C=C2,3331-0750,0
359,[O-][N+](=O)c1ccc(NNC(=O)c2cccs2)c(c1)[N+](=O)[O-],3902-0473,0
360,Clc1ccc(CN2C(=O)N\C(=C/c3ccc(OCc4ccccc4)cc3)\C2=O)cc1,4371-6384,1
361,CCOC(=O)C1=C(C)NC(=C(C1c2cccc(Oc3ccccc3)c2)C(=O)OCC)C,4476-4106,1
362,CCOC(=O)c1ccc(cc1)c2oc(\C=C\3/C(=O)Nc4ccc(Br)cc34)cc2,4896-4994,0
363,Cc1cccnc1Nc2nc(cs2)c3ccc(O)c(O)c3,5186-0397,1
364,Clc1ccc(COc2ccc(cc2)C(=O)N\N=C\c3c[nH]c4ccccc34)cc1,8001-2346,1
365,Brc1ccc(OCC(=O)N\N=C\c2ccc(OCc3ccccc3)cc2)cc1,8003-0803,0
366,Oc1ccc(\C=N\NC(=O)CSc2nnc(c3ccc(Cl)cc3)n2c4ccccc4)cc1O,3254-0603,1
367,Clc1ccc(cc1)\N=C/2\C(=O)Nc3ccc(Br)cc23,3331-3149,1
368,Oc1ccc(Cl)cc1\C=C\2/C(=O)NC(=S)N(C2=O)c3cccc(Br)c3,3970-1135,0
369,OC(=O)COc1ccc(Br)cc1\C=C\2/C(=O)Nc3ccc(Br)cc23,4896-5188,1
370,NS(=O)(=O)c1ccc(Nc2nc(cs2)c3ccc(O)c(O)c3)cc1,5186-0398,1
371,Oc1c(\C=N\c2ccc3c(oc4ccccc34)c2)cc(Br)cc1[N+](=O)[O-],8001-4897,1
372,Cc1ccc(OCc2ccc(cc2)C(=O)N\N=C\c3ccccc3O)cc1,8003-2415,1
373,[O-][N+](=O)c1ccc2NC(=O)\C(=N\N=C/c3ccccc3)\c2c1,8004-1427,0
374,[O-][N+](=O)c1cc(\C=N\NC(=O)c2cccs2)ccc1Cl,3254-3201,1
375,OC(=O)c1ccc(cc1)N2C(=Nc3ccccc3C2=O)C=C4C(=O)Nc5ccccc45,3379-0203,0
376,Oc1ccc(C=C2C(=O)NC(=S)NC2=O)cc1Br,3970-2183,0
377,Clc1ccc(Sc2oc(\C=C/3\NC(=O)NC3=O)cc2Br)cc1,4449-1925,1
378,COC(=O)C1=C(C)NC(=C(C1c2cccc(O)c2)C(=O)OC)C,4479-0556,0
379,CCOc1ccc(\C=C/2\C(=O)Nc3ccccc23)cc1,5311-0132,1
380,CN(C)c1ccc(\C=C(\NC(=O)c2ccccc2Cl)/C(=O)N\N=C\c3ccccc3O)cc1,8001-9289,1
381,Oc1ccc(Br)cc1\C=N\c2cccc3ccccc23,8004-2736,1
382,[O-][N+](=O)c1ccc(Cl)c(\C=N\NC(=O)c2cccs2)c1,3254-3219,1
383,O=C(Nc1nnc(CSCc2ccccc2)s1)c3cccs3,3388-0871,1
384,CC(C)Oc1ccc(cc1)c2cc([nH]n2)C(=O)N\N=C\c3ccccc3O,4076-0222,1
385,OC(=O)c1ccc(Nc2nc(cs2)c3ccc(Cl)cc3)cc1,4469-0432,0
386,[O-][N+](=O)c1cccc(COc2ccc(C=C3C(=O)NC(=O)NC3=O)cc2Br)c1,4489-8151,1
387,CCOc1ccc(Br)c(\C=C\2/C(=O)Nc3ccc(Br)cc23)c1,4896-5243,1
388,Cn1cc(C(=O)N\N=C\c2ccccc2O)c3ccccc13,5432-0037,1
389,[O-][N+](=O)c1cccc(c1)C(=O)Oc2ccc(\C=N\NC(=O)c3cccc(Br)c3)cc2,8002-2154,1
390,[O-][N+](=O)c1ccc(N\N=C\c2ccc3NCCCc3c2)c(c1)[N+](=O)[O-],8003-8143,1
391,CC1(C)CC(=O)C(=CNc2ccc(Oc3ccc(Br)cc3)cc2)C(=O)C1,8004-3093,0
392,Oc1ccc(\C=N\NC(=O)c2cc(n[nH]2)c3ccc4ccccc4c3)cc1O,3254-3286,1
393,CC1(C)CC(=O)C2=C(C1)Nc3ccccc3NC2c4cccc(c4)[N+](=O)[O-],3393-0114,0
394,CN(C)c1ccc(Nc2nc(cs2)c3ccc(Cl)cc3)cc1,4112-3656,1
395,Clc1ccc(cc1)c2csc(NCc3ccccc3)n2,4469-0604,1
396,[O-][N+](=O)c1ccccc1N2C(=Nc3ccccc3C2=O)\C=C\4/C(=O)Nc5ccccc45,4649-0220,0
397,Brc1ccc2NC(=O)\C(=C/c3cccc(OCC=C)c3)\c2c1,4896-5245,1
398,O=C1Nc2ccccc2/C/1=C/NCCc3ccccc3,5682-0009,0
399,Clc1ccc(COc2ccc(\C=N\NC(=O)C(=O)Nc3cccc(Br)c3)cc2)cc1,8002-2326,1
400,Oc1ccc(Cl)cc1\N=C\c2cccc(c2)[N+](=O)[O-],8004-4089,0
401,[O-][N+](=O)c1ccc(Cl)c(\C=N\NC(=O)c2cc(n[nH]2)c3ccc4ccccc4c3)c1,3254-3297,1
402,Clc1ccc(COc2ccc(Br)cc2C=C3C(=O)NC(=O)NC3=O)cc1,3681-1190,1
403,CC1=NOC(=O)/C/1=C/c2ccc(OCc3ccc(Cl)cc3)cc2,4171-0235,1
404,CC1=C(C(C(=C(C)N1)C(=O)OCC=C)c2cccc(c2)[N+](=O)[O-])C(=O)OCC=C,4476-0252,1
405,Oc1ccc2ccccc2c1\C=N\S(=O)(=O)c3ccc(Cl)cc3,4676-1076,0
406,CSc1ccc(\C=C\2/C(=O)Nc3ccc(Br)cc23)cc1,4896-5304,1
407,Clc1ccc(CN\C=C\2/C(=O)Nc3ccccc23)cc1,5682-0014,1
408,[O-][N+](=O)c1cc(cc(c1)[N+](=O)[O-])C(=O)Oc2ccc(cc2)C(=O)OCc3ccccc3,8002-5376,1
409,Oc1c(I)cc(I)cc1\C=N\c2ccc(cc2)[N+](=O)[O-],8003-9574,1
410,Oc1ccc(cc1\C=N\c2ccc3nc(oc3c2)c4ccc5ccccc5c4)[N+](=O)[O-],8004-4258,0
411,Oc1ccc(\C=N\NC(=O)c2cc(n[nH]2)c3ccc(OCc4ccccc4)cc3)cc1,3254-3578,1
412,Cn1cc(C=C2C(=O)NC(=S)NC2=O)c3ccccc13,3720-3614,1
413,Oc1ccccc1\C=N\N=C\2/NC(=O)C(Cc3ccc(Cl)cc3)S2,4264-0007,1
414,CC1=C(C(C(=C(C)N1)C(=O)OCC=C)c2cccc(Cl)c2)C(=O)OCC=C,4476-0270,1
415,NC(=N)Nc1nc(cs1)c2ccc(O)c(O)c2,4854-0030,1
416,COc1cc(\C=C\2/C(=O)Nc3ccc(Br)cc23)cc(Cl)c1O,4896-5349,1
417,Cc1ccc(CN\C=C\2/C(=O)Nc3ccccc23)cc1,5682-0074,0
418,Oc1ccc(Cl)cc1\N=C\c2cc(Cl)cc(Cl)c2O,8004-4273,0
419,Oc1ccc(Cl)cc1\N=C\c2ccc(Cl)c(c2)[N+](=O)[O-],8004-4471,0
420,Oc1ccc(Br)cc1\C=N\c2cccc3C(=O)NNC(=O)c23,8006-5314,1
421,[O-][N+](=O)c1cccc(c1)C2Nc3ccc(Cl)cc3C4C=CCC24,8008-8749,1
422,[O-][N+](=O)c1cccc(\C=C\2/N=C(OC2=O)c3ccc(Cl)c(Cl)c3)c1,K075-2837,0
423,[O-][N+](=O)c1ccccc1C2=N\C(=C/c3ccc(OCc4ccccc4)cc3)\C(=O)O2,8005-1425,0
424,O=C1OC2(CCCC2)OC(=O)C1=Cc3ccc(OCc4ccccc4)cc3,8011-8270,1
425,CC(C)c1ccc(\C=C\2/C(=O)Nc3ccccc23)cc1,K939-0013,1
426,Oc1ccc(Cl)cc1\C=N\NC(=O)\C(=C\c2ccccc2)\NC(=O)c3ccccc3,8007-4133,1
427,Clc1ccc(\C=C\C(=O)c2cccs2)cc1,8013-1348,0
428,[O-][N+](=O)c1cc(N\C=C/2\N=C(OC2=O)c3ccc(Br)cc3)ccc1Cl,K091-1157,1
429,Cc1ccc2NC(=O)\C(=C/c3ccc(cc3)C(C)(C)C)\c2c1,K939-0042,1
430,Oc1c(\C=N\NC(=O)c2cccc(Cl)c2)ccc3ccccc13,8007-8341,1
431,[O-][N+](=O)c1ccc(CSc2cn(CCNC(=O)c3cccs3)c4ccccc24)cc1,C064-0401,1
432,OC(=O)c1ccc(cc1)\N=C\c2cc(Br)cc(Cl)c2O,8005-7538,0
433,C(Oc1ccc(\C=N\Nc2nnnn2c3cccc4ccccc34)cc1)c5ccccc5,8008-3055,1
434,Cc1ccccc1\C=C\2/C(=O)Nc3ccc(Br)cc23,C131-0029,1
435,[O-][N+](=O)c1cccc(c1)C2C=C(Nc3nnnn23)c4ccc(Cl)cc4,K832-1618,1
436,Cc1ccc2NC(=O)\C(=C/c3ccc(Br)cc3)\c2c1,K939-0049,1
437,Oc1ccc2ccccc2c1\C=N\Nc3nc(cs3)c4ccccc4,8005-8620,1
438,Clc1ccc(\C=N\c2ccc3C(=O)NC(=O)c3c2)c(Cl)c1,8008-5780,0
439,Clc1ccc(\C=C\2/C(=O)Nc3ccc(Cl)cc23)cc1,C131-0049,1
440,COc1ccc(\C=C\2/C(=O)Nc3ccccc23)cc1OC,K939-0003,0
441,Oc1c(Cl)cc(Cl)cc1\C=N\Nc2nc(cs2)c3ccccc3,8005-8816,1
442,Oc1ccc(\C=N\NC(=O)C(=O)Nc2cc(Cl)ccc2Cl)c(O)c1,8008-6103,1
443,Brc1ccc(N\C=C\2/C(=O)Nc3ccccc23)cc1,C285-0027,1
444,O=C1Nc2ccccc2/C/1=C/c3ccccn3,K939-0004,0
445,Cc1c(O)cc(O)c2C(=O)C(=C(Oc12)c3ccc(O)c(O)c3)O,N025-0038,0
446,Oc1ccc2ccccc2c1\C=N\NC(=O)C(=O)Nc3cc(Cl)ccc3Cl,8008-6105,1
447,[O-][N+](=O)c1ccc(N\C=C\2/C(=O)Nc3ccccc23)cc1,C285-0046,0
448,Fc1ccccc1\C=C\2/C(=O)Nc3ccccc23,K939-0006,0
449,OC1=C(Oc2cc(O)cc(O)c2C1=O)c3ccc(O)cc3,N043-0002,0
450,CC1=CC(=O)N2N=CN(COCCO)C2=N1,000A-0413,0
451,C[N+](C)(C)C\C=C/1\COCO1,1735-0003,0
452,CCCCS(=O)(=O)N=C1NCN(C)CN1,2812-0067,0
453,C1CN(CCN1C(c2ccccc2)c3ccccc3)c4nc5ccccc5n6cnnc46,3454-3132,0
454,CC[N+](CC)(CCCS(=O)(=O)[O-])CC#C,4095-0084,0
455,CCN1C2=C(CCC2)C(=N)C3=C1CCCC3,4817-2839,0
456,CCOc1cc(O)c(cc1CC)c2n[nH]cc2c3ccccc3,5223-6433,1
457,CCCC[n+]1cc([NH-])on1,6292-0836,0
458,CC1CN(CN2N=C(O)C=CC2=O)CC(C)O1,8008-7438,0
459,CC(=O)OC1CCC(C(OC(=O)C)C1[N+](C)(C)C)[N+](C)(C)C,8010-7655,0
460,CCCC1CCC(CC1)c2ccc(cc2)\C(=N\O)\N,0054-0133,1
461,CCS(=O)CCSC(=N)N,1749-0054,0
462,CCN1N=CN=C2C(=O)N(C)C(=O)N=C12,3013-0032,0
463,Cc1cc2CC(C)(C)n3c(nnc3C(F)(F)F)c2cc1C,3555-0231,0
464,N#Cc1ccc(cc1)C2Oc3ccccc3C4CC(=NN24)c5ccccc5,4111-0016,1
465,CC1(C)CC2(CCO1)NCCN3C2SCC3=O,4850-0051,0
466,Cc1onc(n1)\C(=N\OC(=O)C2CC2)\N,5820-3454,0
467,C1CCN(C1)c2nonc2[n+]3nc4nonc4[n-]3,8002-0600,0
468,S1C=C(N(/C/1=N/c2ccccn2)c3ccccc3)c4ccccc4,8008-7909,0
469,COC1=CC2(CN(CCBr)CC(C1)(C2)[N+](=O)[O-])[N+](=O)[O-],8010-8356,0
470,CCC1(CC)C(=[N+](C)c2ccccc12)C,0073-0061,0
471,OCCNCC(O)CN1c2ccccc2Sc3ccccc13,3573-0047,0
472,CN1C(=C(\C=N\NC(=O)C[n+]2ccccc2)C(=O)N(C)C1=O)N,4153-0026,0
473,CCCSc1nc(N2CCOCC2)c3COC(C)(C)Cc3c1C#N,4850-0235,0
474,CC(=O)Oc1c(C)[n+](C)cc2COC(C)(C)OCc12,5858-0016,0
475,CC1=C(\C=N\CCO)C(=O)N(N1)c2c(F)c(F)c(c(F)c2F)C(F)(F)F,8004-9336,0
476,CCCS(=O)(=O)C(Cl)\C(=C(\C(=O)c1ccc(C)cc1C)/[n+]2ccccc2)\S(=O)(=O)CCC,8009-1369,0
477,NC1=NC(=O)N(CCC#N)C=C1F,8011-9688,0
478,CC1=C(COc2c3OC(=O)C=Cc3cc4ccoc24)CC(C)(C)CC1,0080-0066,1
479,Cc1ccc(CN2CCN(CC2)\N=C\c3ccc(cc3)C(=O)O)c(C)c1,3254-2524,0
480,COCc1c(nnn1c2nonc2N)C(=O)OC,3577-0039,0
481,COC(=O)C(C)NC(=O)C1CCCN1S(=O)(=O)c2cc(C)c(Cl)cc2C,4347-7884,0
482,[O-][N+](=O)\C(=C(/N1CCOCC1)\n2cncn2)\C(=C(Cl)Cl)Cl,4872-0220,0
483,CCN(CC)c1ncnc2c1sc3nc(C)cc(C)c23,6030-1633,0
484,CNC(=O)N(O)C1N(\N=C\2/CCCc3nonc23)C(=S)SC1(C)C,8005-2285,0
485,CC(C)(C)Nc1nc(NC(C)(C)C)nc(n1)N2CCNCC2,8009-2206,0
486,CCC1=NC(N=C2C=C(C)C=C(C)N12)(C(F)(F)F)C(F)(F)F,8012-5922,0
487,Nc1cc(ccc1O)S(=O)(=O)N,0234-0008,0
488,Cc1csc(n1)C2=C(Oc3cc(O)c(C)cc3C2=O)C(F)(F)F,2188-2685,0
489,CN(CC(F)(F)C(F)F)S(=O)C12CC3CC(CC(C3)C1)C2,3341-2306,0
490,CC(Sc1nc2N(C)C(=O)N(C)C(=O)c2n1Cc3cc4OCOc4cc3Cl)C(=O)O,3601-0233,0
491,CC(=C)CC1=C(C)N=C(N)NC1=O,4466-0300,0
492,CC(C)OC(=O)C1=C2S\C(=C/c3occc3)\C(=O)N2C(=C(C#N)C1c4occc4)N,5066-0042,0
493,CCN1CCc2c(C1)sc3NC(NC(=O)c23)c4oc(COc5cccc(c5)C(F)(F)F)cc4,6049-0124,0
494,CN1CCc2c(C1)nnn2c3ccccc3,8009-2510,0
495,COCc1cc(C)nc2[nH]nc(N)c12,8012-8541,0
496,Cc1nc(c2ccccc2)c([nH]1)c3ccccc3,2421-0025,0
497,OCCN1CCN(CC2=C(O)C(=O)C=C(CO)O2)CC1,3341-3865,0
498,COc1ccc2S\C(=C/c3sc4ccccc4[n+]3CCCS(=O)(=O)[O-])\N(C)c2c1,3853-0076,0
499,CC1(C)O[C@H]2OC([C@@H]3OC(C)(C)O[C@@H]3[C@H]2O1)C(=O)NCCC(=O)Nc4nccs4,4602-0016,0
500,CC1=NC2=C(N=Nc3ccccc3)C(=O)NN2C(=C1)C(F)(F)F,5107-0197,0
501,CNC(=O)CC1SC(=N)NC1=O,6105-1533,0
502,[O-]c1on[n+](n1)c2cccc(c2)C(F)(F)F,8006-5041,0
503,CC1(C)CC(=O)C=C(C1)NNC(=O)CCCCCCCCC=C,8009-8215,0
504,CC(=O)C1=C(NN2CCOCC2)OC(=CC1=O)C,8012-9793,0
505,CCC(C)(C)C1=C(C)N(C)C(=N)S1,1332-0020,0
506,Cn1ncc(c1C(=O)Nc2ccc3[nH]c(nc3c2)c4ccccc4)[N+](=O)[O-],2642-1706,0
507,CCOC(=O)N1CCN(CC1)C(=O)c2sc3N=CN(CC(=O)N(CC)CC)C(=O)c3c2C,3909-8920,0
508,O1c2ccccc2C(c3ccccc13)n4nnc5ccccc45,4695-1149,1
509,COc1cc(cc(OC)c1OC)C2=NNC(=S)N2CC=C,6161-0019,0
510,Fc1ccc(Nc2nc3nonc3n4nnnc24)cc1,8007-2421,0
511,FC(F)(F)C1=CC(=O)n2ncnc2N1,8010-0267,0
512,Cn1ccnc1CN2CCN(Cc3nccn3C)CC2,8013-0912,0
513,Nc1nc(F)cc(Oc2ccccc2)n1,1545-0140,0
514,COc1ccc(cc1OC)\C(=N\OCc2nc3c4c5CC(C)(C)NC(C)(C)c5sc4ncn3n2)\C,2730-0690,0
515,Nc1nonc1c2nc3ccccc3n2CCCc4nnn[nH]4,3448-7578,0
516,Cc1cc2c(cc1C)n(CC(O)COC3CCCCC3)c[n+]2C,3910-0470,0
517,CN1CCN(CC#CCC2(O)c3ccccc3c4ccccc24)CC1,4782-0184,0
518,CCN1CCn2c3C1CCCc3c4cc(C)ccc24,5205-0062,0
519,CN1C2=C(C(C3=C(N2)c4ccccc4C3=O)c5ccc(cc5)C(F)(F)F)C(=O)N(C)C1=O,6173-0254,0
520,COc1ccc(cc1)N2N=C(C#N)C(=C(C#N)C2=N)N,8007-8917,0
521,COc1nc(OC)nc(OCCCl)n1,8010-7237,0
522,FC(F)(F)C1(NC2C(Cl)C1CC2OCCCl)C(F)(F)F,8013-1435,0
523,Fc1ccccc1N2N=NN(C3CC(=O)C4OCC3O4)C2=S,8013-2183,0
524,Fc1ccc(cc1)n2nc3CS(=O)(=O)Cc3c2NC(=O)c4cc(Cl)ccc4Cl,K410-0589,0
525,Nc1ccc(cc1)n2ccnc2,R305-0012,0
526,OCCOCCNc1ncnc2[nH]cnc12,C143-0035,0
527,O=C(CSC1=Nc2[nH]ncc2C(=O)N1c3cccc4ccccc34)NCc5occc5,K781-0484,0
528,COc1ccc(cc1)c2nc(nc3[nH]nc(N)c23)N4CCCCC4,C161-0007,0
529,COc1cc(Cl)c(C)cc1Nc2c(nn(c3cccc(C)c3)[n+]2[O-])[N+](=O)[O-],C301-0220,1
530,CC(=O)N1CCC2(CC1)C\C(=N/NC(=S)Nc3c(C)cc(C)cc3C)\c4cc(O)ccc4O2,K786-0970,0
531,CCS(=O)(=O)N1CCC(CC1)C(=O)N2CCC(C)CC2,K786-6860,0
532,C1COc2cc(Nc3c(nc4ncccn34)c5ccsc5)ccc2O1,C325-0099,0
533,CNC(=O)c1ccccc1NC(=O)C2=C(O)c3cccc4CCN(C2=O)c34,K844-1068,0
534,CC1=CC=CC2=NC(=CC(=O)N12)CSC3=Nc4ccccc4C5=NC(C(=O)N35)c6ccccc6,C336-0054,0
535,CC(=O)OC[C@]12CC(OC(=O)CC3CCC3)C(=CC1OC4[C@H](O)[C@@H](OC(=O)C)[C@@]2(C)[C@]45CO5)C,N045-0001,0
536,Cc1cc(C)n(n1)c2nnc(C)n2\N=C\c3occc3,K060-0097,0
537,Nc1[nH]ncc1C#N,R304-0004,0
538,Nc1ccc2C(=O)N(C(=O)c3cccc1c23)c4ccccc4,0099-0184,0
539,CCOc1ccc(NC(=O)c2ccc(OC)cc2)c(c1)[N+](=O)[O-],1189-0487,0
540,O=C(NCCc1ccccc1)\C(=C/c2occc2)\NC(=O)c3ccccc3,1502-1334,0
541,CC\C(=N\NC(=O)CCC(=O)Nc1ccc(I)cc1)\Cc2ccccc2,1761-1089,1
542,Cc1ccc(cc1Cl)N2NC(=O)\C(=C\c3ccccc3OCC=C)\C2=O,2082-0084,1
543,O=C1NC(=O)\C(=C/c2occc2)\C(=O)N1c3ccccc3,2277-0005,0
544,CCN1C(=O)c2cccc3c(NC(=O)c4ccc(C)cc4)ccc1c23,2652-0902,0
545,Cc1c(Cl)c(nn1CC(=O)Nc2cccc(Cl)c2)C(F)(F)F,3209-0258,1
546,Cc1cccc(NC(=O)c2ccc(cc2)N(Cc3ccccc3)S(=O)(=O)C)c1,3272-1158,1
547,COC(=O)c1ccc(NC(=O)c2cccc(c2)[N+](=O)[O-])cc1,0258-0128,0
548,COC(=O)c1cccc(n1)C(=O)Oc2ccc(OC(=O)c3cccc(n3)C(=O)OC)cc2,0703-6352,0
549,OC(=O)c1ccc(cc1)c2oc(\C=C/3\SC(=O)N(C3=O)c4ccccc4)cc2,1588-0383,1
550,CCCNC(=O)c1cc2nc(cc(n2n1)C(F)(F)F)c3cccs3,1762-0060,0
551,OC(=O)c1cc(ccc1O)N2C(=O)\C(=C\c3ccc(Cl)cc3)\C=C2c4ccccc4,2150-0278,0
552,CC(=O)Nc1ncc(s1)S(=O)(=O)c2ccc(cc2)[N+](=O)[O-],2279-5219,0
553,OC(=O)c1ccc(NC(=O)C2CC(=O)N(Cc3ccccc3)\C(=N\c4ccc(Cl)cc4)\S2)cc1,2743-1100,0
554,Cc1cccc(C)c1OCC(=O)Nc2ccc(cc2)c3nc4ccccc4[nH]3,3226-2061,1
555,OC(=O)c1ccc(Oc2ccc3C(=O)N(C(=O)c3c2)c4ccc(Oc5ccccc5)cc4)cc1,3289-1461,1
556,CCN1C(=O)c2cccc3c(NC(=O)c4cccc5ccccc45)ccc1c23,0800-0298,0
557,COCCNC(=O)\C(=C/c1cccs1)\NC(=O)c2ccc(C)cc2,1309-1963,0
558,COc1cc(cc(OC)c1OC)C(=O)Nc2ccc(NC(=O)c3ccccc3)cc2,2153-0972,0
559,Cc1ccc2c(c1)sc3nc(cn23)C4=Cc5ccccc5OC4=O,2300-3228,0
560,COc1ccc(NC(=O)c2nn3c(cc(nc3c2Cl)c4occc4)C(F)(F)F)cc1OC,2774-1905,0
561,CC(C)Nc1nc(nc2ccccc12)c3ccccc3,3232-0443,0
562,Clc1ccc(cc1)C(=O)Nc2c3CSCc3nn2c4ccccc4,3330-3565,1
563,COc1ccc(cc1)C(=O)Nc2nc(cs2)c3ccccc3OC,0389-1021,1
564,O=C(Nc1nc(cs1)c2ccccc2)c3ccccc3,0831-0436,1
565,Nc1ccc(cc1)C(=O)Nc2nc3ccccc3s2,1346-1314,0
566,CCOC(=O)c1c(C)c(sc1NC(=O)c2ccccc2)C(=O)C,1630-0526,0
567,[O-][N+](=O)c1ccc(Cl)cc1NCCOc2ccccc2,2023-0191,1
568,FC(F)(F)c1cccc(NC(=O)c2cc(Br)ccc2Cl)c1,2154-0028,1
569,COc1ccc(\C=C(\NC(=O)c2ccccc2)/C(=O)NC(C)C)cc1,2332-1381,0
570,[O-][N+](=O)c1cc(ccc1Cl)C(=O)Nc2ccc(NC(=O)c3ccccc3)cc2,2783-5196,1
571,COc1ccccc1\C=N\NC(=O)c2cc(n[nH]2)c3ccccc3,3253-1842,1
572,CCOc1ccc2C(=CC(=O)Oc2c1)c3ccccc3,3330-4053,1
573,Cc1ccc(cc1)S(=O)(=O)Nc2ccc(Br)c3cccnc23,0422-0061,1
574,CCN(CC)C(=O)C(NC(=O)c1ccc(C)cc1)C23CC4CC(CC(C4)C2)C3,0832-2785,0
575,Cc1ccc(NC(=O)c2cc3c(C)nn(c4ccccc4)c3s2)cc1,1426-2791,1
576,Cc1cccc(c1)N(CCOC(=O)c2ccccc2)C3=NS(=O)(=O)c4ccccc34,1677-0003,0
577,[O-][N+](=O)c1ccc(Cl)c(c1)C(=O)Nc2cccc(NC(=O)c3ccccc3Cl)c2,2154-0429,1
578,C\C(=N/NC(=O)c1n[nH]c2c1CCc3ccccc23)\c4cccc5ccccc45,3253-4328,1
579,COC(=O)CN1C(Nc2ccc(Br)cc2C1c3ccccc3)c4ccc(O)cc4,3332-1138,1
580,CN1C(=O)\C(=N/NC(=O)c2ccccc2)\c3ccccc13,0488-0094,0
581,Cc1cccc(Nc2nc(cs2)c3ccccc3)c1,0945-0278,1
582,CN(C)C(=O)\C(=C/c1ccc(cc1)N(C)C)\NC(=O)c2ccccc2,1445-0146,0
583,OC(=O)c1ccc(cc1)C(=O)c2ccc3C(=O)N(C(=O)c3c2)c4ccccn4,2036-0897,0
584,COc1ccc(\C=C\2/SC(=O)N(Cc3ccccc3)C2=O)cc1,2159-2474,1
585,COC(=O)C1=C2S\C(=C\c3ccccc3)\C(=O)N2C(=C(C#N)C1c4ccccc4)N,2435-0108,0
586,COc1ccc2nc(Nc3nc(O)cc(n3)c4ccccc4)nc(C)c2c1,2932-0515,0
587,Cc1ccc(s1)c2cc([nH]n2)C(=O)N\N=C\c3ccccc3,3254-4008,1
588,CC(C)Oc1ccc(cc1)C(=O)Nc2cccc(c2)c3nc4ccccc4[nH]3,3341-1057,1
589,COc1cc(NS(=O)(=O)c2ccc(NC(=O)c3ccccc3)cc2)nc(OC)n1,0590-0380,0
590,O=C(NC(=S)Nc1ccc(cc1)N2CCOCC2)c3ccccc3,1000-0128,0
591,O=C(NCc1ccccc1)\C(=C/c2ccccc2)\NC(=O)c3ccccc3,1501-1193,0
592,CCOC(=O)c1ccc(NC(=O)COc2ccccc2)cc1,1683-7085,0
593,CC(=O)C1=C(c2ccccc2)c3ccccc3NC1=O,2044-4269,0
594,CCOC(=O)C1=C2S\C(=C/c3ccccc3)\C(=O)N2C(=C(C1c4ccccc4)C(=O)OC)N,2435-0171,0
595,CCOc1cc(\C=C/2\Sc3nc4ccccc4n3C2=O)ccc1OC,3062-0602,0
596,CCN(CC)C(=O)c1cnn(c1NC(=O)c2ccc(C)cc2)c3ccccc3,3261-0027,0
597,NC(=O)c1oc2ccccc2c1NC(=O)c3occc3,3343-1832,0
598,O=C(CCc1ccccc1)Nc2sc3CCCCc3c2C#N,1130-0084,1
599,COCCNC(=O)\C(=C\c1ccccc1)\NC(=O)c2ccccc2,1502-1221,0
600,FC(F)(F)C(Oc1nc(Nc2ccc(Cl)cc2)nc(n1)N3CCOCC3)C(F)(F)F,1731-0964,0
601,CCOc1ccc(cc1)N2C(=O)c3cccc(N)c3C2=O,2054-0883,0
602,CCOC(=O)c1sc(NC(=O)COc2ccc(CC)cc2)nc1C,2276-0149,1
603,Cc1ccc(cc1)C(=O)NCC2=NNC(=S)N2c3cccc(Cl)c3,2515-5473,0
604,CC(C)(C)OC(=O)C1C(C(C(=O)OC(C)(C)C)C(C)(O)CC1=O)c2ccccc2,3141-0223,0
605,[O-][N+](=O)c1ccc(cc1)C(=O)Nc2ccccc2C(=O)Nc3ccccc3,3261-0589,1
606,O=C(Nc1ccccc1c2nc3ccccc3s2)c4ccc(cc4)S(=O)(=O)N5CCCCC5,3346-1216,0
607,COc1ccc(cc1)C(=O)CSc2nc(O)c3ccccc3n2,3350-0153,0
608,CCCCC(C)NC(=O)C1CN(C(=O)C1)c2ccc(OCC)cc2,3448-4414,0
609,COc1ccc(Nc2cc(N3CCCCC3)c4nonc4c2[N+](=O)[O-])cc1,3660-0494,0
610,CCOC1=CC(=CC(=O)c2c(C)oc(C)c12)c3ccc(OC)cc3,3998-0002,0
611,COc1ccc(\C=C\2/CCc3cc(OC)ccc3C2=O)cc1,4157-1124,1
612,CCOc1ccc(cc1)c2nc3S\C(=C/c4ccccc4)\C(=O)n3n2,4341-1136,0
613,COc1ccc(cc1)C(=O)COC(=O)c2cccc(NC(=O)c3ccc(OC)c(OC)c3)c2,4483-1716,0
614,Cc1ccc(cc1)c2nc(Nc3cccc(c3)C(=O)O)c4ccccc4n2,4593-2639,0
615,Cc1ccc(NS(=O)(=O)c2cccc3cccnc23)cc1,5293-0016,0
616,CC(C)c1ccc(cc1)S(=O)(=O)\N=C/2\C=C(Nc3ccc(O)cc3)C(=O)c4ccccc24,5591-2622,1
617,COc1ccc(cc1)C2CC(=NN2S(=O)(=O)c3ccccc3)c4ccccc4,3355-0028,1
618,COc1ccc(cc1)C2CC3=C(C(N(C(=O)C)c4ccccc4N3)c5ccccc5)C(=O)C2,3536-0179,0
619,O=C(Nc1ccc(NC(=O)c2cccs2)cc1)c3oc4ccccc4c3,3738-4387,1
620,Clc1ccc(CN2C(=O)S\C(=C/c3ccc4OCOc4c3)\C2=O)cc1,4032-1527,0
621,COc1ccccc1NC(=O)CN(CCc2ccccc2)S(=O)(=O)c3ccccc3,4191-2977,1
622,COc1ccc(cc1)c2nc3S\C(=C/c4ccccc4)\C(=O)n3n2,4341-1137,0
623,CN1C(=O)C(O)(CC(=O)c2ccc(cc2)C(C)(C)C)c3ccccc13,4725-0298,0
624,CCN(CC)Cc1c(O)ccc2C(=O)C(=C(Oc12)C(F)(F)F)Oc3cc(C)cc(C)c3,5596-0073,0
625,OC(=O)c1ccc(Nc2nc(c3ccccc3)c4ccccc4n2)cc1,3740-0038,0
626,Clc1ccc(cc1)C2C3=C(Nc4ncnn24)c5ccccc5OC3c6ccccc6,4033-0024,0
627,CCC(C)NC(=O)CN(CCc1ccccc1)S(=O)(=O)c2ccc(C)cc2,4207-4386,0
628,CCCOc1ccc(\C=C\2/SC3=NC(=O)C(=NN3C2=O)c4ccccc4)cc1,4341-3363,0
629,CC(C)C(N1C(=O)c2ccccc2C1=O)C(=O)Nc3ccc(C)cc3,4491-1013,0
630,O=C(Nc1ccccc1)C2=CC3=C(CCCC3=O)N(C2=O)c4ccccc4,4781-0124,0
631,COc1ccc(cc1)c2ccc3c(N)c(sc3n2)C(=O)Nc4ccccc4C,5350-0194,1
632,CCN1C(=N)C(=CC2=C1N=C3N(C=CC=C3C)C2=O)S(=O)(=O)c4ccccc4,5611-1919,0
633,O=C1N(C(c2ccccc2)c3c(n[nH]c13)c4ccccc4)c5ccccc5,3572-4569,1
634,Fc1cccc(c1)C(=O)Nc2c(cnn2c3ccccc3)C(=O)Nc4ccccc4,3760-0126,0
635,CN(C)CCNC(=O)\C(=C\c1cccnc1)\NC(=O)c2ccccc2,4295-0664,0
636,Cc1cc(Nc2cccc(c2)C(=O)O)c3cc(Cl)ccc3n1,4358-1526,0
637,COc1ccc2cc(C3CC(=NN3S(=O)(=O)C)c4ccc(C)cc4)c(Cl)nc2c1,4909-0162,0
638,CC(C)c1ccc(cc1)[C@@H]2Nc3ccc(cc3[C@@H]4C=CC[C@H]24)C(=O)O,5408-0722,0
639,CCOc1cc(ccc1OC)c2cc(C(=O)O)c3c(ccc4ccccc34)n2,5692-0660,0
640,Cc1nc(cs1)c2ccc(NC(=O)c3ccc(cc3)[N+](=O)[O-])cc2,3382-1186,0
641,Clc1ccccc1C(=O)N\C(=C\c2occc2)\C(=O)Nc3ccccc3,3632-0192,0
642,Nc1c(sc2nc3CCCCc3cc12)C(=O)Nc4ccccc4,3772-6188,1
643,O=C(Nc1ccc(cc1)c2nc3ccccc3s2)c4ccccc4,4321-1036,1
644,CCOc1ccc2nc(C)cc(Nc3cccc(c3)C(=O)O)c2c1,4358-4408,0
645,CCCOC(=O)COc1ccc2C3=C(CCCC3)C(=O)Oc2c1,4986-1589,0
646,CCOc1ccc2nc(NC(=O)COc3ccccc3)sc2c1,5750-1180,1
647,CC1=C(C)C(=O)N=C(Nc2nc(C)c3cc(C)ccc3n2)N1,3389-2297,0
648,Cc1ccc(\C=C(/C#N)\C2=Nc3ccccc3C(=O)N2)cc1,3643-1650,1
649,CCSC1=Nc2sc3COC(C)(C)Cc3c2C(=O)N1c4ccccc4,3807-1386,0
650,CN(C(=O)c1c(C)onc1c2c(Cl)cccc2Cl)c3ccccc3,4130-3365,0
651,COc1ccc(Nc2nc(nc3ccccc23)c4ccc(cc4)[N+](=O)[O-])cc1,4358-4590,1
652,CCCCN(CC)S(=O)(=O)c1ccc(cc1)C(=O)Nc2ccc(cc2)c3nc4ccccc4[nH]3,4554-1325,1
653,CCN1C(=C(OC(=O)c2ccccc2)c3ccccc3S1(=O)=O)C(=O)c4ccccc4,5149-0176,1
654,Cc1ccc(cc1)c2ccc(CCC(=O)O)n2c3ccc(C)cc3,5408-2400,0
655,CCOC(=O)COc1ccc2C(=O)C(=C(Oc2c1)C(F)(F)F)c3ccc(OC)c(OC)c3,3643-2291,0
656,Clc1ccc(cc1)c2oc(cc2)C(=O)Nc3ccc(NC(=O)c4occc4)cc3,4137-1362,1
657,O=C1c2ccccc2C(=O)c3c1cccc3S(=O)(=O)Nc4ccccc4,4456-0561,1
658,Clc1ccc(cc1)C2C(=C(NC3=C2C(=O)CCC3)SCC(=O)Nc4ccccc4)C#N,4554-6401,1
659,Cc1ccc(cc1)c2csc(Nc3ccc(O)c(c3)C(=O)O)n2,5186-0046,0
660,CC(C)n1c(NCc2ccccc2O)nc3ccccc13,5519-0618,0
661,OC(=O)c1ccc(cc1)N2C(=O)c3cc4Oc5ccccc5c6ccccc6Oc4cc3C2=O,5871-1855,0
662,O=C(Nc1ccccc1)c2ccc(cc2)N3C(=O)C4C5CC(C=C5)C4C3=O,3448-2376,0
663,Cc1ccc(NC(=O)C2CC(=O)N=C(Nc3ccc(C)cc3)S2)cc1,4151-0542,1
664,COc1ccc(cc1)C2N(C(=O)C(=C2C(=O)c3ccccc3)O)c4nnc(C)s4,4340-2756,0
665,COc1ccc(cc1)c2noc(n2)c3cccc(c3)[N+](=O)[O-],4581-1348,0
666,CCCC(=O)NC(c1ccccc1)c2cc(Cl)c3cccnc3c2O,5275-0031,1
667,CCc1ccc(OCC(=O)Nc2ccc(cc2)S(=O)(=O)Nc3nc(C)cc(C)n3)cc1,5551-0054,0
668,O=C(Nc1ccccc1)C2=Cc3ccccc3C(=O)O2,6049-1105,0
669,Clc1ccc(NC(=O)CSC2CC(=O)N(C2=O)c3ccc(Cl)cc3)cc1,8002-8478,0
670,COc1cc(cc(\C=N\c2cccc(c2)c3oc4cccc(C)c4n3)c1O)[N+](=O)[O-],8005-7387,0
671,CCSc1nc2ccc(NC(=O)CSc3nc4ccc(N)cc4s3)cc2s1,8009-3091,1
672,CCCCNc1c(cnc2c(OC)cccc12)C(=O)OCC,C053-0485,0
673,O=C(CNC(=O)c1ccccc1)N(c2ccccc2)C3(CCCCC3)C(=O)NC4CCCCC4,C094-1984,0
674,CN1C(=Nc2c([nH]c3ccccc23)C1=O)SCC(=O)Nc4ccccc4,C145-0016,1
675,CC(C)CCNC(=O)CSc1nc2nc(C)c(Cc3ccccc3)c(C)n2n1,C179-0917,0
676,COc1ccc(cc1OC)c2onc(c2)C(=O)Nc3c(C)nn(Cc4ccccc4)c3C,C226-1132,0
677,CCN(C(=O)CCc1onc(n1)c2ccc(C)cc2)c3cccc(C)c3,C289-0621,0
678,[O-][N+](=O)c1ccc(cc1)N2C(=O)c3cc4ccccc4cc3C2=O,8003-2182,0
679,CCOC(=O)C1=C(C)N(C(=O)/C/1=C\c2ccc(OC)cc2)c3ccccc3,8005-9141,1
680,CCN(CC)C(=O)CSc1nc(cc(c1C#N)C(F)(F)F)c2cccs2,8010-6277,0
681,COc1cccc(NC(=O)c2cnc(N3CCN(CC3)c4ncccn4)c5ccccc25)c1,C066-0319,0
682,CCOC(=O)C1=CC2=C(N=C3C=CC=CN3C2=O)N(C(C)C)/C/1=N\C(=O)c4ccccc4,C098-0150,0
683,Cc1sc2NC(=O)N(C(=O)c2c1C)c3ccccc3,C200-0876,0
684,O\C(=C/C(=O)c1ccccc1)\C(=O)Nc2ccc(F)cc2,C301-0280,0
685,OC(=O)CCc1ccc(c2ccc(Br)cc2)n1CCc3ccccc3,6060-0132,0
686,Clc1cc(Cl)cc(c1)N2C(=O)c3cc4ccccc4cc3C2=O,8003-2216,0
687,CCc1c(C)nc2cc(nn2c1O)c3ccccc3,8006-3747,0
688,COc1ccc(cc1)N2C(=O)CC(Nc3cccc(c3)C(F)(F)F)C2=O,8011-4278,0
689,COc1ccc(cc1)C2C(CCC(=O)N2c3ccc(OC)cc3)C(=O)Nc4ccc(OC)c(OC)c4,C066-0889,0
690,COC(=O)C1=CN(NC(=O)c2ccc(OC)cc2)C(=O)c3ccccc13,C116-0009,0
691,CC(C)CC(NC(=O)C1CCCCC1)C(=O)Nc2cc(C)cc(C)c2,C155-0360,1
692,CC(C)CC1(NC(C2C1C(=O)N(C2=O)c3ccccc3Cl)c4ccc(C)cc4)C(=O)O,C202-0179,0
693,COc1ccc2c(CCc3c2onc3C(=O)Nc4cccc(O)c4)c1,C226-4061,1
694,COc1ccccc1NC(=O)\C(=C\C(=O)c2ccccc2)\O,C301-0281,0
695,Cc1ccc(NC(=O)C2Cc3ccccc3CN2S(=O)(=O)c4ccc(C)cc4)cc1,6143-0170,1
696,Nc1cccc(Oc2ccc3C(=O)N(C(=O)c3c2)c4ccccc4)c1,8003-3961,1
697,Clc1ccc(CSc2nnnn2c3ccccc3)cc1,8006-5812,1
698,COc1ccc(NC(=O)C2CC(=O)N(C)\C(=N\c3ccccc3)\S2)cc1,8012-2206,0
699,CCN(C(=O)c1cc2C(=O)Oc3ccccc3c2s1)c4ccccc4,C066-2038,0
700,CCN(CC)c1cc(C)c2cc(NC(=O)\C=C\c3ccc(OC)cc3)ccc2n1,C126-0098,0
701,COc1cc2C(=O)N(CC(C)C)C=C(C(=O)NC3CCCC(C)C3C)c2cc1OC,C168-0472,0
702,CC(C)(C)n1cnc2cc(NCc3ccccc3O)ccc12,C215-0056,0
703,OC(=O)C1(Cc2ccccc2)NC(C3C1C(=O)N(C3=O)c4ccc(F)cc4)c5ccc(Cl)cc5,C229-0148,0
704,CCC(C)NC(=O)c1cc2cc3cc(OC)ccc3nc2s1,C303-0501,0
705,Cc1cccc(NC(=O)C2CCCN2C(=O)OCc3ccccc3)c1,8003-4996,0
706,COc1cc2c(oc3ccccc23)cc1NC(=O)COc4ccc5ccccc5c4,8012-3364,1
707,CC(C)NC(=O)c1cc2C(=O)Nc3ccc(C)cc3c2s1,C066-2922,0
708,Brc1ccc2NC(=O)\C(=C/c3ccccc3)\c2c1,C131-0032,1
709,O=C(Cc1ccc(cc1)N2C(=O)Nc3ccsc3C2=O)NCc4ccccc4,C172-0417,0
710,CCc1ccc(NC(=O)CNS(=O)(=O)c2ccc(Br)s2)cc1,C224-2833,1
711,COc1ccc(cc1)C2=CN(C(=O)N2)c3ccccc3,C231-0155,0
712,COc1ccc(\C=C\2/Sc3ccc(cc3N(C)C2=O)C(=O)NCc4ccccc4)cc1,C310-1061,1
713,COc1ccc2OC(=O)C(=Cc2c1)c3csc(Nc4cccc5ccccc45)n3,8007-0609,1
714,O=C(NCCOc1ccccc1)c2cccc3ccccc23,8012-3431,0
715,CC1CC(C)(C)NC(=S)N1CCCC(=O)Nc2ccc(C)cc2,C082-1009,0
716,Brc1ccc(NS(=O)(=O)c2cc(Br)cc3CCN(C(=O)C4CC4)c23)cc1,C137-2180,1
717,CCCCn1c(nc2ccccc12)C(C)NC(=O)c3ccccc3,C174-0317,0
718,CCOc1ccc(cc1)N2C(=N\C(=C/c3ccccc3)\C2=O)SCC,C249-0126,0
719,Cc1cc(NC(=O)c2ccccc2)nc3c4ccccc4OC(=O)c13,C319-0057,0
720,Nc1ccc2oc(nc2c1)c3ccc4ccccc4c3,8001-3171,0
721,C\C(=N\NC(=O)COc1ccc(C)cc1Br)\CC(=O)Nc2ccc(C)cc2,8005-4986,0
722,Clc1ccccc1c2nnc(NC(=O)c3occc3)s2,8008-4656,1
723,CCOc1ccc(cc1)N2CC(CC2=O)C(=O)NC(C)c3ccccc3,8012-7494,0
724,CCN(CC)C(=O)c1ccc2C(=O)c3ccccc3C(=O)c2c1NCCO,C092-0004,0
725,CCCCNC(=O)c1cnc(Nc2ccccc2OC)c3ccccc13,C138-0761,0
726,CCOC(=O)c1[nH]c2ccccc2c1NC(=O)c3ccc4ccccc4c3,C175-0112,1
727,Clc1ccc(cc1)c2onc(c2)C(=O)NCc3ccccc3,C226-0358,0
728,[O-][N+](=O)c1cccc(c1)C(=O)Nc2cccc3cccnc23,8002-5414,0
729,Brc1cccc(c1)C(=O)Oc2ccc(\C=N\NC(=O)c3cccnc3)cc2,8005-6509,1
730,CC(=O)\N=C\1/NC(=O)\C(=C\c2oc(cc2)c3cccc(Cl)c3)\S1,8008-5856,1
731,CCOc1ccc2nc(SCC(=O)c3ccc(O)cc3)sc2c1,8012-8466,1
732,CCN(C(C(=O)Nc1ccc(OC)cc1)c2cc3OCOc3cc2[N+](=O)[O-])c4cccc(C)c4,C094-0141,1
733,CCc1ccc(NC(=O)C2CC(=O)N(C2c3ccc(OC)cc3)c4ccc(OC)cc4)cc1,C141-0115,0
734,Cc1ccc(Nc2c(nc3ccccn23)c4occc4)cc1,C177-0113,0
735,CCOC(=O)c1c(C)c(C)sc1NC(=O)c2cc(on2)c3ccc(OC)cc3,C226-0782,0
736,CC1CC2=C(S1)C(=O)N(Cc3ccccc3)C(=N2)SCC(=O)Nc4ccccc4,C280-0321,1
737,Cc1ccccc1Nc2c(nc3ncccn23)c4ccc(O)cc4,C325-0261,0
738,COc1ccc(cc1)c2nc(SCC(=O)NCc3occc3)c([nH]2)c4ccccc4,C331-0385,1
739,CCN(CC)C(=O)C1=NN(C(=O)c2c1c3ccccc3n2C)c4ccc(OC)cc4,C448-1035,0
740,COC(=O)c1ccc(NC(=O)C2=CC=CN(OCc3ccccc3)C2=O)cc1,C723-0121,0
741,Cc1ccc(NC(=O)CSC2=Nc3ccccc3C(=O)N2Cc4occc4)cc1,K284-1926,1
742,CCOC(=O)CCN(Cc1ccc(F)cc1)S(=O)(=O)c2ccc(Cl)cc2,K783-3251,1
743,CC(C)CCNC(=O)C1CN(CCc2ccc(C)cc2)C(=O)C1,K786-8300,0
744,CC(C)CN1C2=C(CCCC2)C(=C(C(=O)Nc3nccs3)C1=O)O,K844-0920,0
745,CCOc1ccc(NC(=O)CSC2=Nc3ccccc3C4=NC(C(=O)N24)c5ccccc5)cc1,C336-0015,1
746,COc1cccc(c1)c2nn(C)c3sc(cc23)C(=O)NCc4ccc(C)cc4,C453-0208,1
747,Cc1[nH]c2ccccc2c1C(=O)C(=O)NCc3ccc(Cl)cc3,C730-0330,0
748,OC(=O)c1ccc2Sc3ccccc3C(=O)N(Cc4ccccc4)c2c1,K783-4231,0
749,CC(=O)Nc1cc(ccc1S(=O)(=O)c2ccc(C)cc2)C(=O)NC3CC3,K786-9409,0
750,Cc1ccc(CNC(=O)C2=C(O)C3=C(CCCC3)NC2=O)cc1,K844-1193,0
751,Cc1ccc(CNC(=O)C2=CC=CN3C(=O)c4c5CCCCc5sc4N=C23)cc1,C367-0068,0
752,Cc1ccccc1NC(=O)C2=CN=C3SC=CN3C2=O,C457-0077,0
753,O=S(=O)(NCC(Nc1ccccc1)c2ccccc2)c3ccccc3,D030-0006,1
754,COCCNc1ncnc2c1c(cn2c3ccccc3)c4ccccc4,K405-0007,0
755,CCc1ccc(Sc2cc(C(=O)O)c3ccccc3n2)cc1,K783-4948,0
756,CCOC(=O)N1CCc2c(C1)sc(NCc3cccs3)c2C(=O)Nc4ccccc4OCC,K801-0927,1
757,NC(=O)c1sc2nc3CCCCc3c(c4occc4)c2c1N,K891-0180,0
758,O=C(Nc1cccc(c1)c2cn3cccnc3n2)c4ccccc4,C638-0021,0
759,O=C(Nc1nccs1)C2=Cc3ccccc3O/C/2=N\c4ccccc4,K218-1354,0
760,OC(=O)c1ccc(cc1)N2C(=Nc3ccccc3C2=O)\C=C/c4ccc(F)c(F)c4,K505-0419,0
761,CC12OC3(CN(Cc4ccccc4)C(=O)C3C1C(=O)NCc5ccccc5)C=C2,K784-4535,0
762,CCN1C=Nc2sc(C(=O)Nc3ccccc3)c(C)c2C1=O,K821-0036,0
763,Cc1ccc(cc1)C2N(C(=O)c3[nH]nc(c4ccccc4)c23)c5ccc(cc5)C(=O)O,C390-0161,0
764,Clc1ccc(cc1)C(=O)Nc2cccc(c2)c3cn4cccnc4n3,C638-0047,1
765,CCOc1cc2NC(=O)N(Cc3ccccc3)C(=O)c2cc1OCC,K221-2891,0
766,Cc1cccc(Nc2nc(NCCC3=CCCCC3)nc(n2)N4CCOCC4)c1,K647-0156,1
767,COc1ccc(cc1)C2C3=C(CC(C)(C)CC3=O)Nc4nc(SC)nn24,K832-3227,0
768,Cc1ccccc1OCc2onc(n2)c3ccc(NC(=O)c4occc4)cc3,K907-0076,1
769,CCOc1ccc(\C=C\2/Oc3ccc(cc3C2=O)C(=O)OC)cc1,C711-0375,0
770,COc1cccc(\C=C\C(=O)C2=Cc3ccccc3OC2=O)c1,K229-0982,1
771,CCN1C=C(C(=O)Nc2ccc(OC)cc2)C(=O)c3ccc(C)nc13,K679-0013,0
772,O=C(CCc1cn(Cc2ccccc2)c3ccccc13)NCc4ccccc4,K786-3182,1
773,CN1C=Nc2sc(C(=O)Oc3ccccc3)c(C)c2C1=O,K833-0001,0
774,COc1ccc(NC(=O)CN(c2ccc(C)cc2)S(=O)(=O)c3cccc4nonc34)cc1OC,C436-2335,0
775,O=C(Nc1ccccc1)C2=CN=C3C=CC=CN3C2=O,C720-0034,0
776,Cc1ccc(CNC(=O)CSCc2ccc(F)cc2)cc1,K786-7034,0
777,COC(=O)C1=CN(Cc2ccc(OC)cc2)C=C(C1c3ccc(OC)cc3)C(=O)OC,K837-0643,0
778,CCOC(=O)c1c(C)c(C(=O)Nc2cc(C)cc(C)c2)c(C)n1C,C722-0419,0
779,COc1ccc(cc1)c2nnc3SCC(=Nn23)c4ccc(Cl)cc4,K243-0007,0
780,COc1ccc(CN2CC(CC2=O)C(=O)NCCc3ccc(Cl)cc3)cc1,K786-7073,0
781,Cc1ccc(NC(=O)C2=C(O)c3cccc4CCCN(C2=O)c34)cc1,K844-0700,0
782,OC(COc1ccccc1)CN2CCNCC2,0167-0039,0
783,Cc1cccc(OCCSc2nc3ccccc3n2CC(=O)O)c1,1135-0007,0
784,[O-][N+](=O)c1cccc2C(=O)N(CCC(=O)Nc3ccccc3)C(=O)c12,2595-1257,0
785,COc1ccc(cc1)C2=NN(C(C2)c3cc4ccc(C)cc4nc3Cl)C(=O)CCCC(=O)O,3336-0989,0
786,Cc1cccc(NC(=O)COc2ccccc2)n1,3617-0111,0
787,Cc1[nH]nc2OC(=C(C#N)C(c3ccc(O)cc3)c12)N,4296-0222,0
788,Cc1cccc(N(CC(=O)NCc2occc2)S(=O)(=O)c3ccccc3)c1C,4577-2003,0
789,CC(C)OC(=O)c1c(NC(=O)CCC(=O)O)scc1c2ccccc2,6049-2020,0
790,CCOC(=O)c1nnn(c1CN(CC)CC)c2nonc2N,8006-7191,0
791,CC(C)NC(=O)c1cnc(N2CCN(CC2)c3ccccn3)c4ccccc14,C066-0028,0
792,OCCCc1nc2ccccc2[nH]1,0375-0492,0
793,Cc1ccc(cc1)C(=O)NN2C(=S)S\C(=C/c3ccccc3)\C2=O,1331-0061,1
794,COC(=O)c1cc(cc(c1)[N+](=O)[O-])C(=O)N2CCN(C)CC2,2616-2036,0
795,Cc1ccc(cc1)c2csc(NC(=O)C3C4CCC(C4)C3C(=O)O)n2,3360-9846,0
796,CCOc1ccc(cc1)c2cc(C(=O)O)c3ccccc3n2,3630-0410,0
797,COc1ccc(cc1)C(=O)NC(C)C(=O)O,4347-7691,0
798,O=C(NCCCN1CCOCC1)C(=O)Nc2ccccc2,4721-0517,0
799,CCCn1c(CCC(=O)O)ccc1c2ccccc2,6060-0029,0
800,Cc1ccc(Nc2ccc(cc2[N+](=O)[O-])C(=O)O)cc1,8007-2749,0
801,CCN(CC)CCCNC(=O)C1CCC(=O)N(C1c2ccc(OC)cc2)c3ccc(OC)cc3,C066-1030,0
802,Cc1nc2cc(ccc2n1c3ccccc3)C(=O)O,0457-0021,0
803,CC(C(Cc1ccc(C)cc1)C(=O)O)C(=O)O,1553-0243,0
804,OC(=O)CCC(=O)N1N=C(CC1c2ccccc2)c3ccc(Br)cc3,2688-0108,0
805,COc1ccc(\C=C(\NC(=O)c2ccccc2)/C(=O)Nc3ccc(cc3)C(=O)O)cc1,3379-2073,0
806,OC(COc1ccccc1)CN2CCN(CC2)c3ccccc3,3672-0045,0
807,CCOC(=O)C1=C(C)Nc2nnnn2C1c3ccc(O)cc3,4358-6077,0
808,CCSc1nnc2c(OC(Nc3ccccc23)c4ccc(OCC(=O)O)cc4)n1,4896-1128,0
809,O=C(CCCCC(=O)Nc1nccs1)Nc2nccs2,8002-6095,0
810,CCN(CC)S(=O)(=O)c1cccc(c1)C(=O)Nc2nnc(C)s2,8007-6715,0
811,CCCCN(C)C(=O)CN1C(=Cc2ccccc2C1=O)C,C067-0095,0
812,Cc1ccc(cc1)C(=O)NCc2ccccc2,0668-0119,0
813,COC(=O)\C(=C\c1ccc(O)cc1)\C#N,1630-0607,0
814,OC(=O)c1ccccc1NC(=O)c2ccc3C(=O)N(C(=O)c3c2)c4ccccc4,2922-0336,0
815,CC1CC(N(C(=O)CN2C(=O)c3ccccc3C2=O)c4ccccc4)c5ccccc5N1C(=O)C,3389-0850,0
816,CCN(CC)c1ccc(cc1)C2N(C(=O)C)c3ccccc3NC4=C2C(=O)CCC4,3805-1387,0
817,Cc1ccc(cc1)C(=O)C2=C(O)C(=O)N(CCCC(=O)O)C2c3ccccc3,4393-0101,0
818,O=C(N1CCN(Cc2ccccc2)CC1)c3ccncc3,4964-2545,0
819,CC(C)N(CCC#N)S(=O)(=O)c1ccccc1,8002-8608,0
820,CC1CN(CCN1c2cccc(C)c2)C(=O)CCN3C(C)CC(C)(C)NC3=S,C069-0088,0
821,Clc1ccccc1C(=O)Nc2cccnc2,0782-6811,0
822,OC(=O)c1cccc2C3C=CCC3C(Nc12)c4ccccc4,1959-0107,0
823,CC1CCN(CC1)c2nc(nc3ccccc23)c4ccccc4,3002-1335,1
824,CN1C(=O)N(C)C(=O)C2=C1NC3=C(C2c4ccccc4)C(=O)c5ccccc35,3391-6601,0
825,CN1C(=O)N(CC(=O)Nc2cccc(C)c2)C(=O)c3ccccc13,3909-8335,0
826,NC(=O)CSc1nc2CCCCc2cc1C#N,4478-4786,0
827,OC(=O)CCc1ccc(c2ccccc2)n1c3ccc(O)cc3,5408-2471,0
828,Cc1ccc(OCC(=O)Nc2ccccc2C(=O)O)cc1,8004-5343,0
829,Cc1ccc(NC(=O)CCNS(=O)(=O)c2cccc3nonc23)cc1,C105-1607,0
830,CCCC(=O)N\N=C\c1ccc(OC)cc1,0896-7615,0
831,O=C(Nc1ccccc1)C2COc3ccccc3O2,1988-1209,0
832,CCc1ccc(cc1)S(=O)(=O)N2CCN(CC2)c3ccccc3,3003-0752,1
833,CN1C(=O)N(C)c2nc(Cl)n(CC(=O)c3ccccc3)c2C1=O,3448-3428,0
834,COc1cc(cc(OC)c1OC)C(=O)N2CC(C)OC(C)C2,3966-2781,0
835,[O-][N+](=O)c1ccc(cc1)C(=O)COC(=O)CN2C(=O)C3C4CC(C=C4)C3C2=O,4483-1369,0
836,Cc1ccccc1CN2CCC(CC2)N3CCOCC3,5607-0310,0
837,CC(C)(COC(=O)c1ccccc1)NC2=NS(=O)(=O)c3ccccc23,8005-2557,0
838,CC(=O)C1=C(O)C(=O)N(C1c2ccc(F)cc2)c3ccc(F)cc3,8011-5574,0
839,COc1cc2C(C(N(C)C(=O)c2cc1OC)c3cccnc3)C(=O)Nc4ccc(F)cc4,C125-0424,0
840,Cc1ccc(cc1S(=O)(=O)Nc2ccc(cc2)C(=O)O)C(=O)Nc3ccccc3,0917-0025,0
841,COc1ccc(NC(=O)c2oc(cc2)[N+](=O)[O-])cc1,2081-1698,0
842,Cn1ccnc1SCC(=O)Nc2ccccc2,3448-7252,0
843,[O-][N+](=O)c1ccc(cc1)C(=O)N2CCN(Cc3ccccc3)CC2,4130-2193,0
844,Cc1ccc(Oc2ccc3C(=O)N(C(=O)c3c2)c4ccc(cc4)C(=O)O)cc1,5871-1853,1
845,OC(COc1ccccc1)CN2CCCCC2,8006-0551,0
846,COC(=O)C1=NN(C2C1C(=O)N(C2=O)c3ccc(Cl)cc3)c4ccccc4,8013-0161,0
847,CCc1ccc2nc(sc2c1)N3CCC(CC3)C(=O)NCCC(C)C,C127-0095,1
848,COc1ccc(NS(=O)(=O)c2cccc(c2)C(=O)O)cc1,0917-0078,0
849,Cc1onc(NS(=O)(=O)c2ccc(NC(=O)c3ccccc3)cc2)c1,2291-1759,0
850,COc1ccc(CC(=O)Nc2ccccc2C(=O)O)cc1,3226-2181,0
851,COc1ccc(cc1)C(=O)NCC2OCCc3ccccc23,4192-0467,0
852,COC(=O)C(O)(c1ccc(cc1)N(C)C(=O)C)C(F)(F)F,5989-3701,0
853,Cc1ccc(NC(=O)C2CC(O)CN2C(=O)OC(C)(C)C)cc1,8006-6783,0
854,COc1cccc(C2NC(CC(C)C)(C3C2C(=O)N(C3=O)c4ccccc4OC)C(=O)O)c1O,8013-0283,0
855,O=C(CCCNS(=O)(=O)c1cccs1)NCCc2ccccc2,C137-1046,0
856,CC1CCN(CC1)C(=O)CSC2=Nc3c([nH]c4ccccc34)C(=O)N2c5ccccc5,C145-0097,0
857,CC(C)NC(=O)c1noc2CCCCc12,C226-3341,0
858,COc1ccc2nc3sc(cc3cc2c1)C(=O)N4CCN(Cc5ccccc5)CC4,C303-0546,0
859,CCc1ccc(cc1)c2oc(C)c(CN3CCC(CC3)C(=O)NCCCOC)n2,C522-1407,0
860,COc1ccccc1N2CCN(CC2)C(=O)CCN3C(=O)c4ccccc4C3=O,K781-1864,0
861,CCCCNC(=O)C1CCN(CC1)c2nc3cc(C)ccc3[nH]2,K786-2546,0
862,COc1ccc(NC(=S)NCC2CCN(C2)c3ccc(OC)cc3)cc1,K788-2054,1
863,CCN(CC)C(=O)c1sc2ncnc(N3CCN(CC3)c4ccccc4)c2c1C,K913-0335,0
864,Cc1ccc(NC(=O)c2sc3NC(=O)C(=Cc3c2N)C(=O)O)cc1,C150-0013,0
865,O=C(CCN1C(=O)N(CC2=CC(=O)N3C=CC=CC3=N2)c4ccccc4C1=O)NCc5occc5,C260-1054,0
866,Cn1cc(CC(=O)NCCCN2CCOCC2)c3ccccc13,C320-0283,0
867,CCN1C(=O)C=C(OCC(=O)N2CCN(C(C)C2)c3ccc(C)cc3)c4ccccc14,C547-0563,0
868,COc1ccc(CNC(=O)CSc2nc3ccccc3[nH]2)cc1,K781-2488,0
869,CCS(=O)(=O)N1CCC(CC1)C(=O)NCc2occc2,K786-6067,0
870,CC(C)CCN(C1CCN(CC1)C(=O)C)C(=O)Nc2ccccc2,K788-4742,0
871,CCCCN(CC)C(=O)C1=CNc2ccc(cc2C1=O)S(=O)(=O)N(C)c3cccc(C)c3,K917-0535,0
872,Cc1cc(nn1CCCC(=O)Nc2c(C)nn(Cc3ccccc3)c2C)[N+](=O)[O-],C163-0207,0
873,CCN(CC)C(=O)CN1C(=O)N(Cc2ccc(cc2)C(=O)NCCCOC)C(=O)c3ccccc13,C260-2456,0
874,CCC(=O)N1N=C(CC1c2ccc(OC)cc2)c3cccc(NS(=O)(=O)C)c3,C327-0166,0
875,Cc1ccc(cc1)n2c(Cc3cccn3C)nnc2SCC(=O)Nc4ccccc4,C677-0085,0
876,CCCNC(=O)CCNC(=O)c1ccc(cc1)C(C)(C)C,K781-5960,0
877,COc1ccc(CN2CC(CC2=O)C(=O)NCCC(C)C)cc1,K786-7070,0
878,COc1ccc(NC(=S)N(CCN2CCOCC2)C3CCN(CC3)C(=O)C)cc1,K788-4771,0
879,CCN(CC)c1ccc(NC(=O)CN2CCN(CC2)S(=O)(=O)c3ccc(F)cc3)cc1,K940-0510,0
880,CC(C)n1c(nc2ccccc12)C(C)NC(=O)C,C174-0296,0
881,CCc1nnc(NC(=O)CSc2nccn2c3ccccc3)s1,C262-0004,0
882,Cc1ccc(NC(=O)c2ccc(NS(=O)(=O)c3c(C)onc3C)cc2)cc1,C436-0207,0
883,CCCNC(=O)C(=O)c1c(C)[nH]c2ccccc12,C730-0289,0
884,OC(=O)c1cc(nc2ccccc12)c3ccccc3,K783-3556,0
885,CCC(C)NC(=O)C1CCC(=O)N1CCc2ccccc2,K786-8616,0
886,CCCN1CCCc2cc(CN(CCCN3CCOCC3)C(=O)Nc4ccccc4)ccc12,K788-5171,0
887,Fc1ccc(NC(=O)CCN2CCN(CC2)c3ccc(F)cc3)cc1,K940-1409,0
888,CCn1c(CCNC(=O)c2ccc(OC)c(OC)c2)nc3ccccc13,C174-0509,0
889,Cc1ccc(Cl)cc1N2CCN(CCNC(=O)Nc3ccccc3)CC2,C270-0212,1
890,CC(=O)c1c(C)[nH]c(C(=O)N2CCN(Cc3ccccc3)CC2)c1C,C444-0397,0
891,COc1ccccc1CN2C(=Nc3ccccc3C2=O)SCC#N,K284-0591,1
892,CCCNC(=O)CCC1=Nc2ccccc2N(Cc3ccc(C)cc3)C1=O,K784-7741,0
893,CCCCNC(=O)C1CCC(=O)N1Cc2ccc(C)cc2,K786-9133,0
894,COc1ccc2C(=CC(=O)Oc2c1)C,K815-0060,0
895,CCN(CC)C(=O)c1cc2C(=O)Oc3ccccc3c2s1,K979-0460,0
896,CC1CC2=C(S1)C(=O)N(C)C(=N2)SCC(=O)N,C280-0042,0
897,CCN(Cc1ccccc1)C(=O)c2[nH]c(C)c(C(=O)C)c2C,C444-0474,0
898,CC(=O)NCCN1C(=O)c2ccccc2N=C1SCC(=O)Nc3ccc(C)cc3,K284-2728,0
899,CC(C)CCNS(=O)(=O)c1ccc2oc(C(=O)O)c(C)c2c1,K786-0015,0
900,CCN1CCN(CC1)C(=O)C2CN(C(=O)C2)c3ccc(F)c(Cl)c3,K786-9281,0
901,COCCNC(=O)c1ccc2c(c1)ncn2c3ccc(OC)cc3,K894-0158,0
902,CN(c1ccccc1C)S(=O)(=O)c2ccc3NC=C(C(=O)O)C(=O)c3c2,R152-0738,0
903,Cc1ccc(NC(=O)c2ccc(NC(=O)CCS(=O)(=O)c3cccs3)cc2)cc1,C224-5057,1
904,CC(C)c1ccc(cc1)c2nc(nc3nn4c(C)c(CCC(=O)O)c(C)nc4c23)N5CCC(C)CC5,C282-0015,0
905,COc1ccc(cc1)C2N3CCCC3C(=O)N2c4ccc(Cl)c(Cl)c4,C466-0109,0
906,CCCCNC(=O)CC(C(=O)N1CCc2ccccc12)n3ccnc3,K786-0847,0
907,CC(C)NC(=O)C1CN(C(=O)C1)c2ccc(F)c(Cl)c2,K786-9748,0
908,COc1ccc(cc1)S(=O)(=O)CCC(=O)NCCc2ccc(C)cc2,K906-0827,0
909,CC(C)c1onc(c1)C(=O)Nc2c(Cl)cccc2Cl,C226-2904,0
910,CCN(C(=O)Cc1c([nH]c2ccc(Cl)cc12)C(=O)O)c3ccccc3,C289-0418,0
911,CN1C(=O)c2cc(sc2c3ccccc13)C(=O)N4CCN(CC4)c5ccc(Cl)cc5,C498-0650,0
912,CCCCNC(=O)CCCCCN1C(=S)Nc2cc3OCOc3cc2C1=O,K284-5135,0
913,CC1CCCC(C)N1CCCNC(=O)C2N(Cc3ccc(C)cc3)C(=O)c4ccccc24,K786-1357,0
914,CCC(C)N1CC(CC1=O)C(=O)NC2CCCCC2,K786-9819,0
915,CCCCN(C)C(=O)c1sc2ncnc(N3CCN(CC3)c4ccccc4)c2c1C,K913-0321,0
