,Smiles String,agg?
0,FC(F)(F)S(=O)(=O)c1ccc(cc1)S(=O)(=O)C(F)(F)F,0
1,N\N=C/1\C(=O)N(CC(=O)Nc2ccccc2)c3ccccc13,0
2,COc1ccc2O\C(=N\NC(=O)c3ccc(Br)cc3)\C(=Cc2c1)C(=O)N,0
3,COc1ccc2C=C(C(=O)Oc2c1)c3nnc(N)s3,0
4,COc1cccc(OC)c1C(=O)NC2=C(C)N(C)N(C2=O)c3ccccc3,0
5,COc1ccc(cc1OC)C2N(Cc3ccccc3)C(=O)C(=C2C(=O)C)O,0
6,CCN(CC)c1ccc(\C=N/NC(=O)CN2CCN(Cc3ccccc3)CC2)c(O)c1,0
7,Fc1ccc(cc1)C(=O)N2CCN(Cc3ccc4ccccc4c3)CC2,0
8,Nc1ccc(cc1)C2(c3ccc(N)cc3)c4ccccc4c5ccccc25,1
9,CCOC(=O)C1C(CN(C(=O)c2ccc(OC)cc2)C1=O)c3ccccc3,0
10,COCCOC(=O)C1=C(C)NC2=C(C1c3ccc(OC)cc3OC)C(=O)CC(C)(C)C2,0
11,COc1ccc(cc1)C(=O)N\N=C\c2cc(Cl)ccc2O,1
12,C1C=CC2C1C(Nc3ccc4ccccc4c23)c5ccccc5,1
13,CN1C(=O)N(C)C(=O)C(=Cc2ccccc2OCc3ccc(cc3)[N+](=O)[O-])C1=O,0
14,COC(=O)C1=C(C)OC(=C(C#N)C1c2ccccc2)N,0
15,COC(=O)C1=C(C)N=C2S\C(=C\c3ccccc3)\C(=O)N2C1c4ccccc4Cl,0
16,CCCCN1C(=N)N(CCO)c2ccccc12,0
17,CCOc1ccc(Nc2nc(Cl)nc(Nc3ccc(OC)c(OC)c3)n2)cc1,1
18,Cc1ccc(cc1)C(=O)Nc2ccc(cc2)S(=O)(=O)Nc3nc(C)cc(C)n3,0
19,Cc1nc(C)c(N)c(O)n1,0
20,COc1cc(cc(OC)c1OC)C2Nc3cccc4cccc(N2)c34,0
21,CN(Cc1ccccc1)C(=O)c2cccc(c2)[N+](=O)[O-],0
22,CCS(=O)(=O)CCc1nnc(NC(=O)Nc2cccc(c2)C(F)(F)F)s1,0
23,Cc1ccc(cn1)C(=O)N\N=C\c2c(O)ccc3ccccc23,0
24,Brc1ccc(\C=N\NC(=O)c2cccs2)cc1,1
25,O=C(N\N=C\c1cccnc1)NC23CC4CC(CC(C4)C2)C3,0
26,CC(C)c1ccc(C)cc1OCCNc2nc3N(C)C(=O)N(C)C(=O)c3n2C,0
27,CC12CC3CC(C)(C1)CC(CNC(=O)c4ccc(cc4)[N+](=O)[O-])(C3)C2,0
28,CN(C)c1oc(nc1S(=O)(=O)c2ccc(C)cc2)c3ccccc3,1
29,CC(C)NC(=O)C1=Cc2ccccc2OC1=O,0
30,CCOC(=O)c1c(C)nc2n(Cc3ccccc3)c4ccccc4n12,0
31,CCCOC(=O)c1ccc(NS(=O)(=O)C)cc1,0
32,Br\C(=C/c1ccccc1)\C=N\NC(=O)CNc2cccc3ccccc23,1
33,Cc1ccc(cc1)S(=O)(=O)Nc2ccccc2C(=O)Nc3nc(cs3)c4ccc(F)cc4,1
34,COC(=O)c1ccc(\C=N/N2CCN(CC2)c3ccccn3)cc1,0
35,Cc1cccc(N2C(=O)C(=C(Nc3ccccc3)C2=O)Cl)c1C,1
36,O=C(OCC(=O)c1ccccc1)C(c2ccccc2)c3ccccc3,1
37,[O-][N+](=O)c1ccc2NC(=O)\C(=N\N=C(\Nc3ccccn3)/c4ccccn4)\c2c1,0
38,OC(=O)CN1C(=O)CSC1=S,0
39,Cc1onc(c2ccccc2Cl)c1C(=O)N3CCN(CC3)c4ccc(F)cc4,0
40,COc1cccc(\C=C\2/NC(=S)NC2=O)c1O,0
41,CCc1nnc(NC(=O)c2nc[nH]n2)s1,0
42,CCOC(=O)c1c(C)c(C)sc1NC(=O)Cc2cccc3ccccc23,1
43,C\C(=N/NC(=O)c1cc(n[nH]1)C2CC2)\c3ccccc3,0
44,Fc1ccc(cc1)C(=O)Nc2nc3c(cc4CCc5cccc3c45)s2,1
45,FC1=CN(Cc2ccccc2)C(=O)N(Cc3ccccc3)C1=O,0
46,Cc1ccc(cc1)C(=O)Nc2ccc(N)cc2,0
47,CCOc1ccccc1C(=O)Nc2cc(Cl)ccc2Cl,1
48,CCCCOc1ccc(cc1)C(=O)C(=C2Nc3ccccc3N2)C#N,1
49,Oc1c(Br)cc(Br)cc1\C=N\N2CCN(Cc3ccccc3Cl)CC2,0
50,O=C(OCCNC(=O)c1cccnc1)C2COc3ccccc3O2,0
51,CCOC(=O)C1=Nc2ccccc2C(=O)N1c3ccc(F)cc3F,0
52,CCN(CC)c1ccc2C=C(C(=O)Oc2c1)c3csc(N\N=C\c4ccccc4)n3,1
53,Oc1cc2ccccc2cc1C(=O)N\N=C\c3oc(cc3)c4ccc(Cl)cc4,1
54,CCOc1ccccc1NC(=O)COc2ccc(cc2)C(C)C,1
55,COc1cc(OC)cc(c1)C(=O)N2c3ccccc3Sc4ccccc24,1
56,CCOc1cc(\C=C\2/SC(=S)N(NC(=O)c3ccccc3Cl)C2=O)ccc1O,1
57,Cc1ccc(CC2S\C(=N\c3ccccc3)\NC2=O)cc1,0
58,CCOc1ccc(cc1)\N=C\2/SC(CC(=O)N2Cc3ccccc3)C(=O)Nc4ccccc4OC,1
59,C\C(=N/NC(=O)c1occc1)\c2ccncc2,0
60,CC12COC3(CC1CCC23C)C(=O)Nc4nc5ccccc5s4,0
61,OC(=O)c1cc(ccc1Cl)S(=O)(=O)NCc2occc2,0
62,Cc1cccc(NC(=O)c2ccc(cc2)S(=O)(=O)N3CCCCC3)c1,1
63,CSc1nc(NC(=O)C)n[nH]1,0
64,COc1cc(\C=N\NC(=O)CN2c3ccccc3C(=O)c4ccccc24)ccc1O,1
65,NC(CC=C)(CC=C)c1ccc(cc1)C(N)(CC=C)CC=C,0
66,COc1ccc(Cl)cc1C2=N\C(=C/c3ccccc3C(F)(F)F)\C(=O)O2,0
67,COc1ccc(\C=N/NC(=O)c2cc(n[nH]2)C(C)(C)C)cc1OC,0
68,COc1cccc(CNCCc2cccc(Cl)c2)c1OC,0
69,C\C(=N/NC(=O)Cc1cccn1C)\c2cccc(Br)c2,0
70,OC(=O)C1C2CCC(C2)C1C(=O)Nc3nc(cs3)c4ccc(Cl)cc4,0
71,CCOC(=O)c1c(C)oc2ccc(O)c(CN3CCCCC3)c12,0
72,CCOC(=O)c1c(C)oc2ccc(OCC(=O)O)cc12,0
73,CCCCNc1nc(nc2ccccc12)c3ccccc3F,0
74,Brc1ccc2OC3(CCCC3)N4N=C(CC4c2c1)c5cccs5,1
75,Cc1cccc(c1)N2C(=CC(=O)NC2=O)N,0
76,CN(C)Cc1ccccc1OC(=O)N(C)C,0
77,Oc1cccnc1N2C(=O)C3C4CC(C=C4)C3C2=O,0
78,COc1ccc(OC)c(CN2CCN(CC2)C(=O)COc3ccc(Br)cc3)c1,0
79,CC1(C)CC(=O)c2sc(NC(=O)\C=C\c3ccccc3Cl)nc2C1,1
80,Brc1ccc2N=CN(CC(=O)OCc3ccccc3)C(=O)c2c1,0
81,CCN1C(=C(SC1=S)C(=O)N2CCCCC2)N,0
82,CCN(CC)Cc1c(O)ccc2C(=O)C(=C(Oc12)C(F)(F)F)c3ccc(OC)c(OC)c3,0
83,CCOCCOC(=O)C1=C(C)NC(=O)NC1c2cccc(Cl)c2,0
84,COC(=O)C1=C(C)N(C(=O)/C/1=C\c2ccc(OC)cc2OC)c3ccccc3F,0
85,NC1=C(C#N)C(C2=C(CCCC2=O)N1c3nc[nH]n3)c4ccc(Cl)cc4Cl,0
86,COc1ccc(\C=N\NC(=O)COc2ccc3C(=CC(=O)Oc3c2)C)cc1,0
87,Cc1ccc(NC(=O)CN2C(=O)N\C(=C\c3cc(C)n(c3C)c4cccc(c4)C(=O)O)\C2=O)cc1,0
88,CCCCOC(=O)CSCC(=O)Nc1cc(C)on1,0
89,COc1ccc(OC)c(\C=C\2/Sc3ncnn3C2=O)c1,0
90,CCOC(=O)C1=C(C)N=C2S\C(=C/C=C/c3occc3)\C(=O)N2C1c4ccccc4,0
91,CCOc1ccc(cc1)C2N3C(=O)CSC3=NC(=C2C(=O)Nc4ccccc4)C,0
92,Cc1cc(O)nc(n1)N2CCCCC2,0
93,Fc1cnc(Cl)nc1N2CCN(CC2)c3ccccc3,0
94,COC(=O)C(C)NC(=O)c1ccc(F)cc1,0
95,O=C(CN(Cc1ccccc1)S(=O)(=O)c2ccccc2)NC3CC3,0
96,CC(C)c1ccc(cc1)C(=O)CC2(O)C(=O)N(CCCC#N)c3ccccc23,0
97,C[N+](C)(N)CCOCC[N+](C)(C)N,0
98,CC(C)NC(=O)C1CCN(CC1)S(=O)(=O)c2ccc(C)cc2,0
99,NC1=C(C#N)C(C2=C(O1)Oc3ccccc3C2=O)c4ccc(F)cc4,0
100,CC(C)CC(N1C(=O)c2ccccc2C1=O)C(=O)Nc3c(C)cccc3C,0
101,CCOC(=O)C1CCN(CC1)C(=O)c2ccc(cc2)C(=O)N3CCC(CC3)C(=O)OCC,0
102,COc1cc(cc(OC)c1OC)C(=O)N2CCC(C)CC2,0
103,OC1=C(C(N(C1=O)c2ccccn2)c3ccc(Cl)cc3)C(=O)c4ccc(Cl)cc4,0
104,CC(C)(C)C(=O)NC1CCSC1=O,0
105,COc1ccc(cc1C)c2csc(Nc3cccc(C)n3)n2,1
106,CC(C)C12CN3CC(CN(C1)C3c4cccnc4)(C(C)C)C2=O,0
107,CCc1ccccc1NC(=O)C2CCN(CC2)C(=O)c3ccc(OC)c(OC)c3,0
108,Brc1oc(cc1)C(=O)Nc2ccc3NC(=O)Nc3c2,0
109,COc1ccc2[nH]c(SCc3cccc(I)c3)nc2c1,1
110,CN(C)c1ccc(NC(=O)c2oc3ccccc3c2)cc1,1
111,COc1ccc(CC(=O)NN2C(=O)c3ccccc3N=C2c4ccccc4)cc1,0
112,CC1=C(C(C(=C(N1)SCC(=O)Nc2ccc(Cl)c(Cl)c2)C#N)c3occc3)C(=O)N,1
113,CCN1C(=O)CC(S/C/1=N\c2ccc(F)cc2)C(=O)Nc3ccc(Br)cc3,1
114,CCOC(=O)c1c2CC(C)(C)OCc2sc1NC(=O)C3CC(=CCC3C(=O)O)Cl,0
115,COc1ccc(CCNC(=O)c2sc3nc4CCCCCCc4cc3c2N)cc1OC,0
116,Cc1nc(c(N2CCOCC2)n1Cc3ccccc3)[N+](=O)[O-],0
117,CCOc1ccccc1c2cc(C(=O)Nc3ccc(cc3)S(=O)(=O)N)c4ccccc4n2,1
118,Brc1cccc(c1)C(=O)N\C(=C\c2occc2)\C(=O)Nc3ccccc3,1
119,COc1ccc(cc1C)C(=O)CSc2nc(C)cc(C)n2,0
120,CNc1ccccc1C(=O)\N=C(\N)/Nc2nc(C)c3cccc(C)c3n2,0
121,CCSc1nc(N)c2c(C)c(C)sc2n1,0
122,COc1ccccc1NC(=O)CC(NCCCN2CCOCC2)C(=O)O,0
123,CC(=O)c1c(C)n(Cc2ccccc2)c(C)c1C(=O)C,0
124,Cc1cc(OCC(=O)n2cnnc2N)cc(C)c1Cl,0
125,COc1ccc(cc1)c2oc3ccc(NC(=O)Cc4ccc(OC)c(OC)c4)cc3n2,0
126,CCCCCNc1nc(CCCC)c2COC(C)(C)Cc2c1C#N,0
127,COc1cc(NC(=O)c2sc3nc(ccc3c2N)c4ccc(F)cc4)cc(OC)c1OC,0
128,COc1cc(ccc1c2oc(CO)cc2)[N+](=O)[O-],0
129,COc1ccc(cc1)C(C(=O)OCCN(C)C)c2ccccc2,0
130,Cc1cccc(OCC(=O)NCc2ccccn2)c1,0
131,COc1ccc(cc1)C(=O)C2=C(O)C(=O)N(C2c3ccccc3F)c4nnc(C)s4,0
132,COc1ccc(cc1)N2CCN(CC2)C(=O)CCCN3C(=O)c4cccc5cccc(C3=O)c45,0
133,O=C(CSc1oc(COc2ccccc2)nn1)NCCc3ccccc3,0
134,COc1cccc2c1N(C3CC(C)CCC3C2(C)C)C(=O)C,0
135,COC(=O)c1ccccc1S(=O)(=O)NC(=O)c2ccccc2,0
136,COc1ccc(Br)cc1C2C(=C(N)Oc3cc4OCOc4cc23)C#N,1
137,Oc1nc(O)c2sc3nc(cc(c3c2n1)C(F)(F)F)c4ccncc4,0
138,CCN(CC)S(=O)(=O)c1cccc2nsnc12,0
139,CN1C(=O)N(C)C(=O)C(=C1\C=C\c2ccccc2Cl)[N+](=O)[O-],0
140,CCOC(=O)N1CCN(CC1)C(=O)C(=O)NN,0
141,CCOC(=O)c1cnc2c(C)cc(Cl)cc2c1Nc3cccc(c3)C(=O)O,0
142,CCOc1ccc(cc1)C2CC(=O)NC(=C2C#N)SCC(=O)Nc3cccc(C)c3,1
143,O=C(COc1ccccc1)OC2CN3CCC2CC3,0
144,O=C1CC(NCc2ccccc2)C(=O)N1c3ccccc3,0
145,COc1cccc(NC(=O)CCN2CC(C)OC(C)C2)c1,0
146,NN1C(=O)c2ccccc2N=C1c3cccc(COc4ccccc4Br)c3,1
147,Nc1nc2NC(CC(c3ccccc3)n2n1)c4ccc(Cl)cc4,0
148,CN(C)c1ccc(NC(=O)C(=O)NCc2occc2)cc1,0
149,CCC1S\C(=N\N=C(/C)\c2ccc(Br)cc2)\NC1=O,1
150,CC(=O)NC1=NN(C(=O)C)C(C)(CCS(=O)(=O)c2ccc(Cl)c(Cl)c2)S1,0
151,CCN1CCN(CC1)C(=O)C2=NNC(=O)c3ccccc23,0
152,COc1ccc(cc1)C(NC(=O)Cc2cccs2)C(=O)Nc3ccc4OCCOc4c3,1
153,CCOc1ccccc1C(=O)Nc2c(nc3ccccn23)c4cccs4,0
154,[O-][N+](=O)c1cnn(c1)c2nc(cc(n2)C(F)(F)F)c3cccs3,0
155,Fc1ccc(CNC(=O)CSc2oc(CNC(=O)c3cccs3)nn2)cc1,0
156,CCC(=O)N1CCCc2cc(ccc12)S(=O)(=O)N3CCC(=CC3)c4ccccc4,1
157,COc1ccc(cc1)C(=O)CCN2CCC(C)CC2,0
158,Oc1ccc(cc1)N2C(=O)c3cc4ccccc4c(c5ccccc5)c3C2=O,1
159,CC(=O)Nc1sc(C(=O)C)c(C)c1C(=O)O,0
160,CC(=O)OC1CC(C)(C)N(O)C(C)(C)C1,0
161,COc1ccc(cc1)C2C(C(=O)NCc3occc3)c4ccccc4C(=O)N2C5CCCCC5,0
162,CCOCCCNC(=O)C(NC(=O)Cc1cccs1)c2ccc(Cl)cc2,0
163,Cc1ccccc1Cn2cc(c3ccccc23)S(=O)(=O)CC(=O)NC4CCCCC4,1
164,CCCCN(CCCNC(=O)c1cc(nc2ccccc12)c3cccs3)Cc4ccccc4,0
165,COc1ccc(NS(=O)(=O)c2ccc3N(C)C(=O)N(C)C(=O)c3c2)cc1Cl,0
166,CCOc1ccccc1NC(=O)CSC2=CC(=O)N(C)c3cc(Cl)ccc23,0
167,OCCN1CNC(=Nc2nc3ccccc3s2)NC1,0
168,Cc1ccc(OCCSC2=NC(=O)c3ccccc3N2)cc1,1
169,COc1ccccc1c2oc(\C=C(/NC(=O)c3ccccc3)\C(=O)NCCCn4cccn4)cc2,0
170,COc1ccc(OC)c(NC(=O)CN2C=Cc3ccccc3C2=O)c1,0
171,CCCN(CCC)C(=O)CCS(=O)(=O)c1cccc2nsnc12,0
172,CCOc1ccc(cc1)N2C(=N\C(=C/c3ccc(OC)cc3)\C2=O)SCC,0
173,CN(CCNS(=O)(=O)c1ccc2N(CCc2c1)C(=O)C3CC3)Cc4ccccc4,0
174,O=C(NCC(N1CCOCC1)c2cccnc2)NC3CCCCC3,0
175,O=C1Oc2cc(OCc3ccccc3)ccc2C=C1,0
176,CN(CC(=O)N\N=C\c1ccccc1[N+](=O)[O-])c2ccccc2,0
177,CC(=O)c1ccc(NCN2C(=O)[C@@H]3CC=CC[C@@H]3C2=O)cc1,0
178,Cc1cc(Cl)nc(Cl)c1S(=O)(=O)NC2CCCCC2,0
179,O=C1CCCC2=C1C(C3=C(N2)N=C(NC3=O)SCc4ccccc4)c5ccncc5,0
180,COc1ccc(NC(=O)C2CCCN(C2)S(=O)(=O)c3ccc(Br)s3)cc1OC,0
181,CCOC(=O)C1CCCN(C1)C(=O)c2oc3nc4cc(OC)ccc4cc3c2,0
182,CN1C(=O)N(C)c2nc(CN3CCC(Cc4ccccc4)CC3)n(Cc5ccccc5Cl)c2C1=O,0
183,O=C1c2ccccc2c3nc4ccncc4nc13,0
184,COc1cc(cc(OC)c1OC)C(=O)NCC(=O)N\N=C/c2ccc(C)cc2O,0
185,CCCCCCNC=C1C(=O)NC(=O)NC1=O,0
186,O=C(N1CCCCC1c2cccnc2)c3ccc(cc3)S(=O)(=O)N4CCOCC4,0
187,Fc1ccc(cc1)n2nc3CS(=O)Cc3c2NC(=O)C4CC4,0
188,COCCNC(=O)CCS(=O)(=O)c1cccs1,0
189,[O-][N+](=O)c1c(Cl)ncnc1NCc2ccccc2,0
190,CSc1cccc(NS(=O)(=O)c2ccc3NC=C(C(=O)N4CCCCCC4)C(=O)c3c2)c1,0
191,CCOC(=O)C1=NN(C(=O)c2c(NC(=O)c3cccs3)scc12)c4ccc(C)cc4,0
192,Cc1cccc(C)c1OCC(=O)N\N=C\c2ccc3OCOc3c2,0
193,CC1=C(C(C(=C(C)N1)C(=O)NCc2ccccc2)c3cccc(c3)[N+](=O)[O-])C(=O)NCc4ccccc4,0
194,Clc1nc(Cl)nc(Nc2ccccc2)n1,0
195,O=C(Nc1ccccc1)c2cccc(c2)S(=O)(=O)NCCC34CC5CC(CC(C5)C3)C4,1
196,CCOc1ccc(OCC)c(NS(=O)(=O)c2cc(Br)cc3CCN(C(=O)C)c23)c1,0
197,CC(C)C(NC(=O)C1CCC(C)CC1)C(=O)N2CCC3(CC2)OCCO3,0
198,COc1ccc(Cl)cc1NC(=O)CCC(=O)Nc2ccc3nc(cc(C)c3c2)N4CCOCC4,0
199,CCN1CCN(CC1)C(=O)Cc2c([nH]c3ccc(Cl)cc23)C(=O)O,0
200,FC(F)(F)c1cccc(NC(=O)Cn2ncc3C(=O)Oc4ccccc4c23)c1,1
201,CCOC(=O)c1cn(CC(=O)Nc2cc(C)ccc2C)nn1,0
202,CC(=O)Nc1ccc(NC(=O)C\C(=N\NC(=O)C(=O)Nc2cccc(Cl)c2C)\C)cc1,0
203,Cc1ccc(cc1)N2C(=O)c3ccc(cc3C2=O)C(=O)OCc4ccccc4,0
204,CS(=O)(=O)N1CCc2cc(ccc12)S(=O)(=O)N3CCCCC3,0
205,COc1ccc(cc1)N2C(=S)Nc3cc(ccc3C2=O)C(=O)N4CCC(CC4)C(=O)N,0
206,COc1ccccc1N2CCN(CC2)S(=O)(=O)c3ccc(Br)s3,1
207,COc1ccc(CNC(=O)CCC2=Nc3sc4CCCCc4c3C(=O)N2)cc1,0
208,COc1ccc(NS(=O)(=O)c2cccs2)cc1,0
209,Cc1nn(C)c(C)c1S(=O)(=O)NCCc2ccc(cc2)S(=O)(=O)N,0
210,CCN(CC)CCNC(=O)C1=CN(C)c2ccc(cc2C1=O)S(=O)(=O)N3CCOCC3,0
211,CCc1ccccc1NC(=O)C\C(=N\NC(=O)C(=O)NCCOC)\C,0
212,COc1cccc(\C=C/2\S\C(=N/c3ccc(C)cc3)\NC2=O)c1,1
213,Cc1ccccc1c2nnn(CC(=O)NCCc3ccccc3)n2,0
214,NC1=C(SC(=S)N1c2ccc(Cl)cc2)C(=O)Nc3ccccc3,0
215,Cc1cccc(C)c1NC(=S)N(CCCN2CCCC2)Cc3cccs3,0
216,CCCCCn1c(nc2ccccc12)C(C)NC(=O)CC,0
217,O=C(N1CCc2ccccc2C1)c3cc(on3)c4cccs4,0
218,CC(=O)N1CCc2cc(ccc12)S(=O)(=O)NCc3ccc(C)cc3,0
219,CCC(=O)N1CCN=C1SCc2cccc(c2)[N+](=O)[O-],0
220,CC1CCCC(NC(=O)CSCc2nc(oc2C)c3ccccc3C)C1C,0
221,CSc1cccc(NC(=O)c2nnn(Cc3ccc(F)cc3)c2N)c1,1
222,C\C(=N\Nc1ccc(cc1)C(=O)O)\c2cc(Cl)sc2Cl,0
223,CCOc1cc2NC(=O)N(CCC(=O)NC(C)CC)C(=O)c2cc1OCC,0
224,CCOc1ccccc1N2C(=S)SC(=C2N)C(=O)Nc3ccccc3C,0
225,COC(=O)C1=C(NC(=S)Nc2ccccc2Br)N=NC1,0
226,Cc1ccc(CNC(=O)CC(C(=O)N2CCc3ccccc23)n4ccnc4)cc1,0
227,Cc1nc(N2CCOCC2)c3c(C)c(sc3n1)C(=O)NCc4ccccc4Cl,0
228,CCOc1ccccc1NC(=O)CN2CCN(CC(=O)Nc3ccccc3OC)CC2,0
229,Cc1ccc(Cn2nnc3C(=O)N(Cc4cc(C)ccc4C)C=Nc23)cc1,1
230,O=C(Nc1ccc2ccccc2c1)N3CCN(CC3)C(=O)c4occc4,0
231,Cc1ncc(CO)c2C=C(C(=O)Nc3ccc(F)cc3F)C(=N)Oc12,0
232,CCCN1C(=S)Nc2cc(ccc2C1=O)C(=O)NCCN(C)C,0
233,CC1CCCCN1C(=O)c2ccc(Sc3ccc(F)cc3)c(c2)[N+](=O)[O-],1
234,CC(C)CCN(C)C1CCN(CC1)S(=O)(=O)c2ccc(Cl)cc2,0
235,Cc1c(sc2ncnc(N3CCN(CC3)c4ccccn4)c12)C(=O)Nc5ccccc5F,0
236,CCCN(CCC)CCCNC(=O)C1=NN(C(=O)c2ccccc12)c3cccc(OC)c3,0
237,COc1ccc(cc1)n2nnc3C(=O)N(CC(=O)Nc4ccccc4OC)C=Nc23,0
238,Cc1ccsc1\C=N\Nc2nc3ccccc3s2,1
239,Cc1ncc(CO)c2C=C(C(=O)N)\C(=N\c3ccc(cc3)C(F)(F)F)\Oc12,0
240,COc1ccc(CCN2C(=O)c3sccc3N=C2SCC(=O)Nc4cc(C)on4)cc1OC,0
241,[O-][N+](=O)c1cc(ccc1N2CCN(CC2)c3ccccn3)C(=O)NCc4cccs4,1
242,CCCCSCCCNC(=O)Nc1ccc(Cl)c(Cl)c1,1
243,CCOC(=O)C(NC(=O)C1CCCN1C(=O)OCc2ccccc2)C(=O)OCC,0
244,CN1CCN(Cc2nc3N(C)C(=O)NC(=O)c3n2CCc4ccccc4)CC1,0
245,COc1ccc(\C=C\2/N=C(OC2=O)c3occc3)c(OC)c1OC,0
246,CSC1=Nc2c(sc3ccc(cc23)[N+](=O)[O-])C(=O)N1Cc4occc4,0
247,COc1cccc(NC(=O)CSC2=Nc3ccsc3C(=O)N2C4CCCCC4)c1,1
248,COc1ccc(cc1)N2C(=Nc3[nH]ncc3C2=O)SCC(=O)Nc4ccc(C)cc4,0
249,CN(C)C(=O)N1CCC(CC1)C(=O)N2CCC3(CC2)OCCO3,0
250,CCOc1ccccc1NC(=O)c2sc3nc(C)nc(N4CCC(C)CC4)c3c2C,0
251,Cc1ccc(NC(=O)C(=O)c2c(C)[nH]c3ccccc23)cc1C,1
252,CCOc1ccccc1\C=C\2/N=C(OC2=O)c3cc(OC)cc(OC)c3,0
253,Fc1ccc(NC(=O)CSC2=Nc3c(sc4ccccc34)C(=O)N2CC5CCCO5)cc1,0
254,COc1ccc(OC)c(c1)[N+]2=C3SCCCN3C(O)(C2)c4ccc(cc4)[N+](=O)[O-],0
255,COC(=O)c1ccc(N2CCc3ccccc23)c(c1)[N+](=O)[O-],1
256,COc1ccc(CCNC(=O)CN2N=C(CCC2=O)c3ccc(Cl)cc3)cc1OC,0
257,COc1ccc(cc1)c2nnc3ccc(SCC(=O)Nc4ccccc4C)nn23,0
258,CCOc1cccc2C3NC(=S)NC(C)(Oc12)C3C(=O)Nc4ccc(C)cc4C,0
259,Cc1cccc(c1C)n2nc3CS(=O)(=O)Cc3c2NC(=O)c4cccc(Br)c4,0
260,COCCNC(=O)CCS(=O)(=O)Cc1cccc(Cl)c1,0
261,COc1ccc(cc1)n2cnc3cc(ccc23)C(=O)NCC4CCCO4,0
262,Fc1ccc(cc1)n2ncc3C(=O)N(CC(=O)N4CCN(CC4)c5ccccc5)C=Nc23,1
263,CCOc1cccc2C=C(C(=O)Nc3cccc(c3)C(F)(F)F)\C(=N\c4ccc(cc4)C(=O)O)\Oc12,1
264,CCN(CC)C(=O)CSC1=Nc2ccccc2C3=NC(Cc4c[nH]c5ccccc45)C(=O)N13,0
265,COCCNS(=O)(=O)c1ccc(Oc2ccc(cc2)S(=O)(=O)NCCOC)cc1,0
266,Cc1cc(C)c(c(C)c1)S(=O)(=O)NCc2ccc(cc2)C(=O)O,0
267,CCCCOc1ccc(cc1)C(C)NC(=O)C2CCCN(C2)S(=O)(=O)CCC,0
268,CCN(CC)CCCNC(=O)c1sc2ncnc(N(C)c3ccccc3)c2c1C,0
269,NS(=O)(=O)c1ccc(N\N=C(\c2ccccc2)/c3ccc(Br)cc3)cc1,1
270,COc1ccc(N2C(=O)N(CC(=O)NCc3ccc(C)cc3)c4ccccc4C2=O)c(OC)c1,0
271,CC1CN(CCN1c2cccc(C)c2)C(=O)CCN3C(=S)Nc4cc5OCOc5cc4C3=O,1
272,Cc1cccc(Nc2nc(C)nc3sc4CCCc4c23)c1,0
273,CCOc1ccc(NC(=O)CN2C(=O)C3(OCCCO3)c4ccccc24)cc1,0
274,COCCN(C(C)c1cccnc1)C(=S)Nc2cccc(OC)c2,0
275,CCOC(=O)CNC(=O)C1=CN(C(=O)c2ccccc12)c3ccc(C)c(C)c3,0
276,Oc1ccc(cc1)\N=C\c2cc(ccc2O)[N+](=O)[O-],0
277,[O-][N+](=O)c1ccccc1C(=O)Nc2nc(cs2)c3ccc4ccccc4c3,1
278,Clc1ccc(cc1)c2csc(n2)\C(=C\c3cccnc3)\C#N,0
279,Clc1ccc(cc1)c2csc(NC(=O)c3cccc(Cl)c3)n2,1
280,[O-][N+](=O)c1ccc(N\N=C\c2ccc(Cl)cc2)c(c1)[N+](=O)[O-],0
281,Oc1ccc2ccccc2c1\C=C\3/C(=O)Nc4ccccc34,0
282,Oc1ccc(Br)cc1\C=N\NC(=O)c2ccc(Cl)cc2Cl,1
283,CC(C)(C)c1ccc(cc1)c2nnc(NC(=O)c3cccs3)s2,1
284,COC(=O)C1=C(C)NC(=C(C1c2cccc(Cl)c2)C(=O)OC)C,0
285,COc1ccc(N=Nc2c(O)ccc3ccccc23)c(c1)[N+](=O)[O-],0
286,[O-][N+](=O)c1ccc2NC(=O)C(=C(c3ccccc3)c2c1)C(=O)\C=C\c4ccccc4,1
287,COc1ccc(cc1)N=Nc2c(O)ccc3ccccc23,0
288,Oc1ccc(cc1)\N=C\c2ccc(cc2)[N+](=O)[O-],0
289,Oc1ccc(Cl)cc1\C=N/NC(=O)c2cccs2,1
290,Clc1ccccc1c2nnc(NC(=O)c3cccs3)s2,1
291,CCOC(=O)C1=C(C)NC(=C(C1c2oc(cc2)c3ccc(Cl)cc3)C(=O)OCC)C,1
292,Clc1ccc(cc1)C2=N\C(=C/Nc3ccc(Br)cc3)\C(=O)O2,0
293,Oc1ccc(Br)cc1\C=N\NC(=O)c2cc(cc(c2)[N+](=O)[O-])[N+](=O)[O-],1
294,CN(C)c1ccc(Sc2nnc(NC(=O)c3ccc(Cl)cc3)s2)cc1,1
295,Oc1ccc(N=Nc2ccc(cc2)[N+](=O)[O-])c3ccccc13,1
296,Oc1ccccc1\C=N\NC(=O)c2cccc(c2)[N+](=O)[O-],1
297,[O-][N+](=O)c1ccc(NN=C2C(=O)c3ccccc3C2=O)c(c1)[N+](=O)[O-],1
298,CC12CCC3C(CCc4cc(O)ccc34)C1CCC2(O)C#C,0
299,Brc1ccc(cc1)c2nnc(NC(=O)c3cccs3)s2,1
300,Cc1ccccc1Nc2nc(cs2)c3ccc(Cl)cc3,1
301,Cc1ccc(cc1)c2csc(Nc3ccccc3Cl)n2,1
302,Clc1ccc(Sc2ccccc2\C=C/3\SC(=O)NC3=O)cc1,1
303,Oc1ccc2ccccc2c1C=C3C(=O)NC(=O)NC3=O,0
304,Oc1ccccc1\C=N\NC(=O)C(=O)N\N=C\c2ccccc2O,1
305,COc1ccc(\C=N\Nc2nc(cs2)c3ccc(Cl)cc3)cc1,1
306,COC(=O)C1=C(C)NC(=C(C1c2ccc(Cl)cc2Cl)C(=O)OC)C,0
307,CC(C)(C)c1cc(Cl)c(O)c(c1)\N=C\c2ccccc2O,0
308,Oc1c(Cl)cc(Cl)cc1\C=N\NC(=O)c2cccc(c2)[N+](=O)[O-],1
309,[O-][N+](=O)c1cccc(\C=C\C2=N\C(=C\Nc3ccc4ccccc4c3)\C(=O)O2)c1,1
310,COC(=O)c1cc(N\N=C\2/C(=O)C=Cc3ccccc23)cc(c1)C(=O)OC,0
311,Clc1ccc(COc2ccc(\C=C/3\NC(=S)NC3=O)cc2)c(Cl)c1,0
312,Oc1ccccc1\C=N\N=C\C=C\c2ccccc2,1
313,Oc1ccccc1\C=N\N=C/2\C(=O)Nc3ccccc23,0
314,Oc1ccc(cc1\C=N\NC(=O)c2cccs2)[N+](=O)[O-],0
315,Cc1ccc(cc1)c2csc(n2)\C(=C\c3cccc(c3)[N+](=O)[O-])\C#N,0
316,COC(=O)C1=C(C)NC(=C(C1c2cccc(c2)[N+](=O)[O-])C(=O)O)C,0
317,Oc1ccc(Br)cc1\C=N\NC(=O)c2cccc(Cl)c2,1
318,CN(C)c1ccc(\C=C(/NC(=O)c2ccccc2)\C(=O)N\N=C\c3ccccc3O)cc1,1
319,OC1=NC(=NC(=O)/C/1=C/c2ccc(O)cc2)S,0
320,Brc1ccc2NC(=O)\C(=N/c3ccc4ccccc4c3)\c2c1,1
321,Oc1ccccc1\C=N\n2c3ccccc3c4ccccc24,1
322,Brc1ccc(cc1)c2csc(N\N=C\c3ccccc3)n2,1
323,Oc1ccc2ccccc2c1\C=N\c3ccc(C=C)cc3,1
324,CC1=C(C(NC(=O)N1)c2cccc(c2)[N+](=O)[O-])C(=O)OCc3ccccc3,0
325,Cn1cc(\C=N/NC(=O)c2cccs2)c3ccccc13,0
326,CC1=NN(C(=O)/C/1=N/Nc2cccc(c2)C(=O)O)c3nc(cs3)c4ccc(Cl)cc4,0
327,Oc1ccc(cc1)\N=C\2/C(=O)Nc3ccccc23,0
328,[O-][N+](=O)c1ccc(\C=N\NC(=O)c2cc(n[nH]2)c3ccc(OCc4ccccc4)cc3)cc1,1
329,O=C(N\N=C\c1cccc(OCc2ccccc2)c1)c3cccs3,1
330,Ic1ccc(cc1)c2csc(NC(=O)\C=C\c3ccccc3)n2,1
331,O=C(Nc1nc(cs1)c2ccc3ccccc3c2)c4ccccc4,1
332,CN(C)c1ccc(\C=N\Nc2nc(cs2)c3ccc(Br)cc3)cc1,1
333,OC(=O)c1ccc(cc1)\N=C\c2cc(Br)ccc2O,0
334,Oc1ccc(Br)cc1\C=C\2/C(=O)Nc3ccccc23,1
335,CC(=O)Nc1ccc(N\N=C\2/C(=NN(C2=O)c3nc(cs3)c4ccc(Cl)cc4)C)cc1,0
336,Oc1ccccc1\C=N\NC(=O)COc2ccc(Cl)cc2,1
337,O=C(N\N=C\c1c[nH]c2ccccc12)c3cc(n[nH]3)c4ccc(OCc5ccccc5)cc4,1
338,Oc1c(Br)cc(Br)cc1\C=N\NC(=O)c2cccs2,1
339,Brc1ccc(cc1)c2csc(NC(=O)c3cccs3)n2,1
340,O=C(Nc1nc(cs1)c2ccc3ccccc3c2)c4cccs4,1
341,[O-][N+](=O)c1cccc(c1)C(=O)Nc2nc(cs2)c3ccc(Cl)c(Cl)c3,1
342,Clc1ccc(\C=N\NC(=O)c2cccs2)c(Cl)c1,0
343,CC1=NN(C(=O)/C/1=N/Nc2ccc(cc2)C(=O)O)c3nc(cs3)c4ccc(C)cc4,0
344,CCCCCCc1cc(\C=C\2/C(=O)Nc3ccccc23)c(O)cc1O,1
345,[O-][N+](=O)c1ccc(Cl)c(c1)C2=N\C(=C/c3ccc(Br)cc3)\C(=O)O2,0
346,[O-][N+](=O)c1cccc(\C=C(/NC(=O)c2cccs2)\C(=O)Nc3ccccc3Br)c1,1
347,Oc1ccc2ccccc2c1\C=N\NC(=O)c3cc(n[nH]3)c4ccc5ccccc5c4,1
348,Clc1ccc(cc1)c2cc([nH]n2)C(=O)N\N=C\c3c[nH]c4ccccc34,1
349,Oc1ccccc1\C=N\NC(=O)c2cc(n[nH]2)c3ccc(Cl)cc3Cl,1
350,Clc1ccc(COc2ccc(C=C3C(=O)NC(=O)NC3=O)cc2)cc1,0
351,Clc1ccc(NC2=NC(=O)\C(=C/3\C(=O)Nc4ccccc34)\S2)cc1,1
352,COC(=O)C1=C(C)NC(=C(C1c2oc(cc2)c3cc(Cl)ccc3Cl)C(=O)OC)C,1
353,CC(C)(C)c1cc(C=C2C(=O)NC(=O)NC2=O)cc(c1O)C(C)(C)C,1
354,Oc1ccc(\C=C\2/C(=O)ON=C2c3ccc(Cl)cc3)cc1,1
355,Oc1ccc(Nc2nc(cs2)c3ccc(Cl)cc3)cc1,1
356,OC(=O)c1ccc(cc1)\N=C\c2ccc(OCc3ccccc3)cc2,0
357,Oc1ccc(Br)cc1\C=N\NC(=O)c2cc(n[nH]2)c3cccs3,1
358,Oc1ccc(Br)cc1\C=N\NC(=O)C2=NNC(=O)C=C2,0
359,[O-][N+](=O)c1ccc(NNC(=O)c2cccs2)c(c1)[N+](=O)[O-],0
360,Clc1ccc(CN2C(=O)N\C(=C/c3ccc(OCc4ccccc4)cc3)\C2=O)cc1,1
361,CCOC(=O)C1=C(C)NC(=C(C1c2cccc(Oc3ccccc3)c2)C(=O)OCC)C,1
362,CCOC(=O)c1ccc(cc1)c2oc(\C=C\3/C(=O)Nc4ccc(Br)cc34)cc2,0
363,Cc1cccnc1Nc2nc(cs2)c3ccc(O)c(O)c3,1
364,Clc1ccc(COc2ccc(cc2)C(=O)N\N=C\c3c[nH]c4ccccc34)cc1,1
365,Brc1ccc(OCC(=O)N\N=C\c2ccc(OCc3ccccc3)cc2)cc1,0
366,Oc1ccc(\C=N\NC(=O)CSc2nnc(c3ccc(Cl)cc3)n2c4ccccc4)cc1O,1
367,Clc1ccc(cc1)\N=C/2\C(=O)Nc3ccc(Br)cc23,1
368,Oc1ccc(Cl)cc1\C=C\2/C(=O)NC(=S)N(C2=O)c3cccc(Br)c3,0
369,OC(=O)COc1ccc(Br)cc1\C=C\2/C(=O)Nc3ccc(Br)cc23,1
370,NS(=O)(=O)c1ccc(Nc2nc(cs2)c3ccc(O)c(O)c3)cc1,1
371,Oc1c(\C=N\c2ccc3c(oc4ccccc34)c2)cc(Br)cc1[N+](=O)[O-],1
372,Cc1ccc(OCc2ccc(cc2)C(=O)N\N=C\c3ccccc3O)cc1,1
373,[O-][N+](=O)c1ccc2NC(=O)\C(=N\N=C/c3ccccc3)\c2c1,0
374,[O-][N+](=O)c1cc(\C=N\NC(=O)c2cccs2)ccc1Cl,1
375,OC(=O)c1ccc(cc1)N2C(=Nc3ccccc3C2=O)C=C4C(=O)Nc5ccccc45,0
376,Oc1ccc(C=C2C(=O)NC(=S)NC2=O)cc1Br,0
377,Clc1ccc(Sc2oc(\C=C/3\NC(=O)NC3=O)cc2Br)cc1,1
378,COC(=O)C1=C(C)NC(=C(C1c2cccc(O)c2)C(=O)OC)C,0
379,CCOc1ccc(\C=C/2\C(=O)Nc3ccccc23)cc1,1
380,CN(C)c1ccc(\C=C(\NC(=O)c2ccccc2Cl)/C(=O)N\N=C\c3ccccc3O)cc1,1
381,Oc1ccc(Br)cc1\C=N\c2cccc3ccccc23,1
382,[O-][N+](=O)c1ccc(Cl)c(\C=N\NC(=O)c2cccs2)c1,1
383,O=C(Nc1nnc(CSCc2ccccc2)s1)c3cccs3,1
384,CC(C)Oc1ccc(cc1)c2cc([nH]n2)C(=O)N\N=C\c3ccccc3O,1
385,OC(=O)c1ccc(Nc2nc(cs2)c3ccc(Cl)cc3)cc1,0
386,[O-][N+](=O)c1cccc(COc2ccc(C=C3C(=O)NC(=O)NC3=O)cc2Br)c1,1
387,CCOc1ccc(Br)c(\C=C\2/C(=O)Nc3ccc(Br)cc23)c1,1
388,Cn1cc(C(=O)N\N=C\c2ccccc2O)c3ccccc13,1
389,[O-][N+](=O)c1cccc(c1)C(=O)Oc2ccc(\C=N\NC(=O)c3cccc(Br)c3)cc2,1
390,[O-][N+](=O)c1ccc(N\N=C\c2ccc3NCCCc3c2)c(c1)[N+](=O)[O-],1
391,CC1(C)CC(=O)C(=CNc2ccc(Oc3ccc(Br)cc3)cc2)C(=O)C1,0
392,Oc1ccc(\C=N\NC(=O)c2cc(n[nH]2)c3ccc4ccccc4c3)cc1O,1
393,CC1(C)CC(=O)C2=C(C1)Nc3ccccc3NC2c4cccc(c4)[N+](=O)[O-],0
394,CN(C)c1ccc(Nc2nc(cs2)c3ccc(Cl)cc3)cc1,1
395,Clc1ccc(cc1)c2csc(NCc3ccccc3)n2,1
396,[O-][N+](=O)c1ccccc1N2C(=Nc3ccccc3C2=O)\C=C\4/C(=O)Nc5ccccc45,0
397,Brc1ccc2NC(=O)\C(=C/c3cccc(OCC=C)c3)\c2c1,1
398,O=C1Nc2ccccc2/C/1=C/NCCc3ccccc3,0
399,Clc1ccc(COc2ccc(\C=N\NC(=O)C(=O)Nc3cccc(Br)c3)cc2)cc1,1
400,Oc1ccc(Cl)cc1\N=C\c2cccc(c2)[N+](=O)[O-],0
401,[O-][N+](=O)c1ccc(Cl)c(\C=N\NC(=O)c2cc(n[nH]2)c3ccc4ccccc4c3)c1,1
402,Clc1ccc(COc2ccc(Br)cc2C=C3C(=O)NC(=O)NC3=O)cc1,1
403,CC1=NOC(=O)/C/1=C/c2ccc(OCc3ccc(Cl)cc3)cc2,1
404,CC1=C(C(C(=C(C)N1)C(=O)OCC=C)c2cccc(c2)[N+](=O)[O-])C(=O)OCC=C,1
405,Oc1ccc2ccccc2c1\C=N\S(=O)(=O)c3ccc(Cl)cc3,0
406,CSc1ccc(\C=C\2/C(=O)Nc3ccc(Br)cc23)cc1,1
407,Clc1ccc(CN\C=C\2/C(=O)Nc3ccccc23)cc1,1
408,[O-][N+](=O)c1cc(cc(c1)[N+](=O)[O-])C(=O)Oc2ccc(cc2)C(=O)OCc3ccccc3,1
409,Oc1c(I)cc(I)cc1\C=N\c2ccc(cc2)[N+](=O)[O-],1
410,Oc1ccc(cc1\C=N\c2ccc3nc(oc3c2)c4ccc5ccccc5c4)[N+](=O)[O-],0
411,Oc1ccc(\C=N\NC(=O)c2cc(n[nH]2)c3ccc(OCc4ccccc4)cc3)cc1,1
412,Cn1cc(C=C2C(=O)NC(=S)NC2=O)c3ccccc13,1
413,Oc1ccccc1\C=N\N=C\2/NC(=O)C(Cc3ccc(Cl)cc3)S2,1
414,CC1=C(C(C(=C(C)N1)C(=O)OCC=C)c2cccc(Cl)c2)C(=O)OCC=C,1
415,NC(=N)Nc1nc(cs1)c2ccc(O)c(O)c2,1
416,COc1cc(\C=C\2/C(=O)Nc3ccc(Br)cc23)cc(Cl)c1O,1
417,Cc1ccc(CN\C=C\2/C(=O)Nc3ccccc23)cc1,0
418,Oc1ccc(Cl)cc1\N=C\c2cc(Cl)cc(Cl)c2O,0
419,Oc1ccc(Cl)cc1\N=C\c2ccc(Cl)c(c2)[N+](=O)[O-],0
420,Oc1ccc(Br)cc1\C=N\c2cccc3C(=O)NNC(=O)c23,1
421,[O-][N+](=O)c1cccc(c1)C2Nc3ccc(Cl)cc3C4C=CCC24,1
422,[O-][N+](=O)c1cccc(\C=C\2/N=C(OC2=O)c3ccc(Cl)c(Cl)c3)c1,0
423,[O-][N+](=O)c1ccccc1C2=N\C(=C/c3ccc(OCc4ccccc4)cc3)\C(=O)O2,0
424,O=C1OC2(CCCC2)OC(=O)C1=Cc3ccc(OCc4ccccc4)cc3,1
425,CC(C)c1ccc(\C=C\2/C(=O)Nc3ccccc23)cc1,1
426,Oc1ccc(Cl)cc1\C=N\NC(=O)\C(=C\c2ccccc2)\NC(=O)c3ccccc3,1
427,Clc1ccc(\C=C\C(=O)c2cccs2)cc1,0
428,[O-][N+](=O)c1cc(N\C=C/2\N=C(OC2=O)c3ccc(Br)cc3)ccc1Cl,1
429,Cc1ccc2NC(=O)\C(=C/c3ccc(cc3)C(C)(C)C)\c2c1,1
430,Oc1c(\C=N\NC(=O)c2cccc(Cl)c2)ccc3ccccc13,1
431,[O-][N+](=O)c1ccc(CSc2cn(CCNC(=O)c3cccs3)c4ccccc24)cc1,1
432,OC(=O)c1ccc(cc1)\N=C\c2cc(Br)cc(Cl)c2O,0
433,C(Oc1ccc(\C=N\Nc2nnnn2c3cccc4ccccc34)cc1)c5ccccc5,1
434,Cc1ccccc1\C=C\2/C(=O)Nc3ccc(Br)cc23,1
435,[O-][N+](=O)c1cccc(c1)C2C=C(Nc3nnnn23)c4ccc(Cl)cc4,1
436,Cc1ccc2NC(=O)\C(=C/c3ccc(Br)cc3)\c2c1,1
437,Oc1ccc2ccccc2c1\C=N\Nc3nc(cs3)c4ccccc4,1
438,Clc1ccc(\C=N\c2ccc3C(=O)NC(=O)c3c2)c(Cl)c1,0
439,Clc1ccc(\C=C\2/C(=O)Nc3ccc(Cl)cc23)cc1,1
440,COc1ccc(\C=C\2/C(=O)Nc3ccccc23)cc1OC,0
441,Oc1c(Cl)cc(Cl)cc1\C=N\Nc2nc(cs2)c3ccccc3,1
442,Oc1ccc(\C=N\NC(=O)C(=O)Nc2cc(Cl)ccc2Cl)c(O)c1,1
443,Brc1ccc(N\C=C\2/C(=O)Nc3ccccc23)cc1,1
444,O=C1Nc2ccccc2/C/1=C/c3ccccn3,0
445,Cc1c(O)cc(O)c2C(=O)C(=C(Oc12)c3ccc(O)c(O)c3)O,0
446,Oc1ccc2ccccc2c1\C=N\NC(=O)C(=O)Nc3cc(Cl)ccc3Cl,1
447,[O-][N+](=O)c1ccc(N\C=C\2/C(=O)Nc3ccccc23)cc1,0
448,Fc1ccccc1\C=C\2/C(=O)Nc3ccccc23,0
449,OC1=C(Oc2cc(O)cc(O)c2C1=O)c3ccc(O)cc3,0
450,CC1=CC(=O)N2N=CN(COCCO)C2=N1,0
451,C[N+](C)(C)C\C=C/1\COCO1,0
452,CCCCS(=O)(=O)N=C1NCN(C)CN1,0
453,C1CN(CCN1C(c2ccccc2)c3ccccc3)c4nc5ccccc5n6cnnc46,0
454,CC[N+](CC)(CCCS(=O)(=O)[O-])CC#C,0
455,CCN1C2=C(CCC2)C(=N)C3=C1CCCC3,0
456,CCOc1cc(O)c(cc1CC)c2n[nH]cc2c3ccccc3,1
457,CCCC[n+]1cc([NH-])on1,0
458,CC1CN(CN2N=C(O)C=CC2=O)CC(C)O1,0
459,CC(=O)OC1CCC(C(OC(=O)C)C1[N+](C)(C)C)[N+](C)(C)C,0
460,CCCC1CCC(CC1)c2ccc(cc2)\C(=N\O)\N,1
461,CCS(=O)CCSC(=N)N,0
462,CCN1N=CN=C2C(=O)N(C)C(=O)N=C12,0
463,Cc1cc2CC(C)(C)n3c(nnc3C(F)(F)F)c2cc1C,0
464,N#Cc1ccc(cc1)C2Oc3ccccc3C4CC(=NN24)c5ccccc5,1
465,CC1(C)CC2(CCO1)NCCN3C2SCC3=O,0
466,Cc1onc(n1)\C(=N\OC(=O)C2CC2)\N,0
467,C1CCN(C1)c2nonc2[n+]3nc4nonc4[n-]3,0
468,S1C=C(N(/C/1=N/c2ccccn2)c3ccccc3)c4ccccc4,0
469,COC1=CC2(CN(CCBr)CC(C1)(C2)[N+](=O)[O-])[N+](=O)[O-],0
470,CCC1(CC)C(=[N+](C)c2ccccc12)C,0
471,OCCNCC(O)CN1c2ccccc2Sc3ccccc13,0
472,CN1C(=C(\C=N\NC(=O)C[n+]2ccccc2)C(=O)N(C)C1=O)N,0
473,CCCSc1nc(N2CCOCC2)c3COC(C)(C)Cc3c1C#N,0
474,CC(=O)Oc1c(C)[n+](C)cc2COC(C)(C)OCc12,0
475,CC1=C(\C=N\CCO)C(=O)N(N1)c2c(F)c(F)c(c(F)c2F)C(F)(F)F,0
476,CCCS(=O)(=O)C(Cl)\C(=C(\C(=O)c1ccc(C)cc1C)/[n+]2ccccc2)\S(=O)(=O)CCC,0
477,NC1=NC(=O)N(CCC#N)C=C1F,0
478,CC1=C(COc2c3OC(=O)C=Cc3cc4ccoc24)CC(C)(C)CC1,1
479,Cc1ccc(CN2CCN(CC2)\N=C\c3ccc(cc3)C(=O)O)c(C)c1,0
480,COCc1c(nnn1c2nonc2N)C(=O)OC,0
481,COC(=O)C(C)NC(=O)C1CCCN1S(=O)(=O)c2cc(C)c(Cl)cc2C,0
482,[O-][N+](=O)\C(=C(/N1CCOCC1)\n2cncn2)\C(=C(Cl)Cl)Cl,0
483,CCN(CC)c1ncnc2c1sc3nc(C)cc(C)c23,0
484,CNC(=O)N(O)C1N(\N=C\2/CCCc3nonc23)C(=S)SC1(C)C,0
485,CC(C)(C)Nc1nc(NC(C)(C)C)nc(n1)N2CCNCC2,0
486,CCC1=NC(N=C2C=C(C)C=C(C)N12)(C(F)(F)F)C(F)(F)F,0
487,Nc1cc(ccc1O)S(=O)(=O)N,0
488,Cc1csc(n1)C2=C(Oc3cc(O)c(C)cc3C2=O)C(F)(F)F,0
489,CN(CC(F)(F)C(F)F)S(=O)C12CC3CC(CC(C3)C1)C2,0
490,CC(Sc1nc2N(C)C(=O)N(C)C(=O)c2n1Cc3cc4OCOc4cc3Cl)C(=O)O,0
491,CC(=C)CC1=C(C)N=C(N)NC1=O,0
492,CC(C)OC(=O)C1=C2S\C(=C/c3occc3)\C(=O)N2C(=C(C#N)C1c4occc4)N,0
493,CCN1CCc2c(C1)sc3NC(NC(=O)c23)c4oc(COc5cccc(c5)C(F)(F)F)cc4,0
494,CN1CCc2c(C1)nnn2c3ccccc3,0
495,COCc1cc(C)nc2[nH]nc(N)c12,0
496,Cc1nc(c2ccccc2)c([nH]1)c3ccccc3,0
497,OCCN1CCN(CC2=C(O)C(=O)C=C(CO)O2)CC1,0
498,COc1ccc2S\C(=C/c3sc4ccccc4[n+]3CCCS(=O)(=O)[O-])\N(C)c2c1,0
499,CC1(C)O[C@H]2OC([C@@H]3OC(C)(C)O[C@@H]3[C@H]2O1)C(=O)NCCC(=O)Nc4nccs4,0
500,CC1=NC2=C(N=Nc3ccccc3)C(=O)NN2C(=C1)C(F)(F)F,0
501,CNC(=O)CC1SC(=N)NC1=O,0
502,[O-]c1on[n+](n1)c2cccc(c2)C(F)(F)F,0
503,CC1(C)CC(=O)C=C(C1)NNC(=O)CCCCCCCCC=C,0
504,CC(=O)C1=C(NN2CCOCC2)OC(=CC1=O)C,0
505,CCC(C)(C)C1=C(C)N(C)C(=N)S1,0
506,Cn1ncc(c1C(=O)Nc2ccc3[nH]c(nc3c2)c4ccccc4)[N+](=O)[O-],0
507,CCOC(=O)N1CCN(CC1)C(=O)c2sc3N=CN(CC(=O)N(CC)CC)C(=O)c3c2C,0
508,O1c2ccccc2C(c3ccccc13)n4nnc5ccccc45,1
509,COc1cc(cc(OC)c1OC)C2=NNC(=S)N2CC=C,0
510,Fc1ccc(Nc2nc3nonc3n4nnnc24)cc1,0
511,FC(F)(F)C1=CC(=O)n2ncnc2N1,0
512,Cn1ccnc1CN2CCN(Cc3nccn3C)CC2,0
513,Nc1nc(F)cc(Oc2ccccc2)n1,0
514,COc1ccc(cc1OC)\C(=N\OCc2nc3c4c5CC(C)(C)NC(C)(C)c5sc4ncn3n2)\C,0
515,Nc1nonc1c2nc3ccccc3n2CCCc4nnn[nH]4,0
516,Cc1cc2c(cc1C)n(CC(O)COC3CCCCC3)c[n+]2C,0
517,CN1CCN(CC#CCC2(O)c3ccccc3c4ccccc24)CC1,0
518,CCN1CCn2c3C1CCCc3c4cc(C)ccc24,0
519,CN1C2=C(C(C3=C(N2)c4ccccc4C3=O)c5ccc(cc5)C(F)(F)F)C(=O)N(C)C1=O,0
520,COc1ccc(cc1)N2N=C(C#N)C(=C(C#N)C2=N)N,0
521,COc1nc(OC)nc(OCCCl)n1,0
522,FC(F)(F)C1(NC2C(Cl)C1CC2OCCCl)C(F)(F)F,0
523,Fc1ccccc1N2N=NN(C3CC(=O)C4OCC3O4)C2=S,0
524,Fc1ccc(cc1)n2nc3CS(=O)(=O)Cc3c2NC(=O)c4cc(Cl)ccc4Cl,0
525,Nc1ccc(cc1)n2ccnc2,0
526,OCCOCCNc1ncnc2[nH]cnc12,0
527,O=C(CSC1=Nc2[nH]ncc2C(=O)N1c3cccc4ccccc34)NCc5occc5,0
528,COc1ccc(cc1)c2nc(nc3[nH]nc(N)c23)N4CCCCC4,0
529,COc1cc(Cl)c(C)cc1Nc2c(nn(c3cccc(C)c3)[n+]2[O-])[N+](=O)[O-],1
530,CC(=O)N1CCC2(CC1)C\C(=N/NC(=S)Nc3c(C)cc(C)cc3C)\c4cc(O)ccc4O2,0
531,CCS(=O)(=O)N1CCC(CC1)C(=O)N2CCC(C)CC2,0
532,C1COc2cc(Nc3c(nc4ncccn34)c5ccsc5)ccc2O1,0
533,CNC(=O)c1ccccc1NC(=O)C2=C(O)c3cccc4CCN(C2=O)c34,0
534,CC1=CC=CC2=NC(=CC(=O)N12)CSC3=Nc4ccccc4C5=NC(C(=O)N35)c6ccccc6,0
535,CC(=O)OC[C@]12CC(OC(=O)CC3CCC3)C(=CC1OC4[C@H](O)[C@@H](OC(=O)C)[C@@]2(C)[C@]45CO5)C,0
536,Cc1cc(C)n(n1)c2nnc(C)n2\N=C\c3occc3,0
537,Nc1[nH]ncc1C#N,0
538,Nc1ccc2C(=O)N(C(=O)c3cccc1c23)c4ccccc4,0
539,CCOc1ccc(NC(=O)c2ccc(OC)cc2)c(c1)[N+](=O)[O-],0
540,O=C(NCCc1ccccc1)\C(=C/c2occc2)\NC(=O)c3ccccc3,0
541,CC\C(=N\NC(=O)CCC(=O)Nc1ccc(I)cc1)\Cc2ccccc2,1
542,Cc1ccc(cc1Cl)N2NC(=O)\C(=C\c3ccccc3OCC=C)\C2=O,1
543,O=C1NC(=O)\C(=C/c2occc2)\C(=O)N1c3ccccc3,0
544,CCN1C(=O)c2cccc3c(NC(=O)c4ccc(C)cc4)ccc1c23,0
545,Cc1c(Cl)c(nn1CC(=O)Nc2cccc(Cl)c2)C(F)(F)F,1
546,Cc1cccc(NC(=O)c2ccc(cc2)N(Cc3ccccc3)S(=O)(=O)C)c1,1
547,COC(=O)c1ccc(NC(=O)c2cccc(c2)[N+](=O)[O-])cc1,0
548,COC(=O)c1cccc(n1)C(=O)Oc2ccc(OC(=O)c3cccc(n3)C(=O)OC)cc2,0
549,OC(=O)c1ccc(cc1)c2oc(\C=C/3\SC(=O)N(C3=O)c4ccccc4)cc2,1
550,CCCNC(=O)c1cc2nc(cc(n2n1)C(F)(F)F)c3cccs3,0
551,OC(=O)c1cc(ccc1O)N2C(=O)\C(=C\c3ccc(Cl)cc3)\C=C2c4ccccc4,0
552,CC(=O)Nc1ncc(s1)S(=O)(=O)c2ccc(cc2)[N+](=O)[O-],0
553,OC(=O)c1ccc(NC(=O)C2CC(=O)N(Cc3ccccc3)\C(=N\c4ccc(Cl)cc4)\S2)cc1,0
554,Cc1cccc(C)c1OCC(=O)Nc2ccc(cc2)c3nc4ccccc4[nH]3,1
555,OC(=O)c1ccc(Oc2ccc3C(=O)N(C(=O)c3c2)c4ccc(Oc5ccccc5)cc4)cc1,1
556,CCN1C(=O)c2cccc3c(NC(=O)c4cccc5ccccc45)ccc1c23,0
557,COCCNC(=O)\C(=C/c1cccs1)\NC(=O)c2ccc(C)cc2,0
558,COc1cc(cc(OC)c1OC)C(=O)Nc2ccc(NC(=O)c3ccccc3)cc2,0
559,Cc1ccc2c(c1)sc3nc(cn23)C4=Cc5ccccc5OC4=O,0
560,COc1ccc(NC(=O)c2nn3c(cc(nc3c2Cl)c4occc4)C(F)(F)F)cc1OC,0
561,CC(C)Nc1nc(nc2ccccc12)c3ccccc3,0
562,Clc1ccc(cc1)C(=O)Nc2c3CSCc3nn2c4ccccc4,1
563,COc1ccc(cc1)C(=O)Nc2nc(cs2)c3ccccc3OC,1
564,O=C(Nc1nc(cs1)c2ccccc2)c3ccccc3,1
565,Nc1ccc(cc1)C(=O)Nc2nc3ccccc3s2,0
566,CCOC(=O)c1c(C)c(sc1NC(=O)c2ccccc2)C(=O)C,0
567,[O-][N+](=O)c1ccc(Cl)cc1NCCOc2ccccc2,1
568,FC(F)(F)c1cccc(NC(=O)c2cc(Br)ccc2Cl)c1,1
569,COc1ccc(\C=C(\NC(=O)c2ccccc2)/C(=O)NC(C)C)cc1,0
570,[O-][N+](=O)c1cc(ccc1Cl)C(=O)Nc2ccc(NC(=O)c3ccccc3)cc2,1
571,COc1ccccc1\C=N\NC(=O)c2cc(n[nH]2)c3ccccc3,1
572,CCOc1ccc2C(=CC(=O)Oc2c1)c3ccccc3,1
573,Cc1ccc(cc1)S(=O)(=O)Nc2ccc(Br)c3cccnc23,1
574,CCN(CC)C(=O)C(NC(=O)c1ccc(C)cc1)C23CC4CC(CC(C4)C2)C3,0
575,Cc1ccc(NC(=O)c2cc3c(C)nn(c4ccccc4)c3s2)cc1,1
576,Cc1cccc(c1)N(CCOC(=O)c2ccccc2)C3=NS(=O)(=O)c4ccccc34,0
577,[O-][N+](=O)c1ccc(Cl)c(c1)C(=O)Nc2cccc(NC(=O)c3ccccc3Cl)c2,1
578,C\C(=N/NC(=O)c1n[nH]c2c1CCc3ccccc23)\c4cccc5ccccc45,1
579,COC(=O)CN1C(Nc2ccc(Br)cc2C1c3ccccc3)c4ccc(O)cc4,1
580,CN1C(=O)\C(=N/NC(=O)c2ccccc2)\c3ccccc13,0
581,Cc1cccc(Nc2nc(cs2)c3ccccc3)c1,1
582,CN(C)C(=O)\C(=C/c1ccc(cc1)N(C)C)\NC(=O)c2ccccc2,0
583,OC(=O)c1ccc(cc1)C(=O)c2ccc3C(=O)N(C(=O)c3c2)c4ccccn4,0
584,COc1ccc(\C=C\2/SC(=O)N(Cc3ccccc3)C2=O)cc1,1
585,COC(=O)C1=C2S\C(=C\c3ccccc3)\C(=O)N2C(=C(C#N)C1c4ccccc4)N,0
586,COc1ccc2nc(Nc3nc(O)cc(n3)c4ccccc4)nc(C)c2c1,0
587,Cc1ccc(s1)c2cc([nH]n2)C(=O)N\N=C\c3ccccc3,1
588,CC(C)Oc1ccc(cc1)C(=O)Nc2cccc(c2)c3nc4ccccc4[nH]3,1
589,COc1cc(NS(=O)(=O)c2ccc(NC(=O)c3ccccc3)cc2)nc(OC)n1,0
590,O=C(NC(=S)Nc1ccc(cc1)N2CCOCC2)c3ccccc3,0
591,O=C(NCc1ccccc1)\C(=C/c2ccccc2)\NC(=O)c3ccccc3,0
592,CCOC(=O)c1ccc(NC(=O)COc2ccccc2)cc1,0
593,CC(=O)C1=C(c2ccccc2)c3ccccc3NC1=O,0
594,CCOC(=O)C1=C2S\C(=C/c3ccccc3)\C(=O)N2C(=C(C1c4ccccc4)C(=O)OC)N,0
595,CCOc1cc(\C=C/2\Sc3nc4ccccc4n3C2=O)ccc1OC,0
596,CCN(CC)C(=O)c1cnn(c1NC(=O)c2ccc(C)cc2)c3ccccc3,0
597,NC(=O)c1oc2ccccc2c1NC(=O)c3occc3,0
598,O=C(CCc1ccccc1)Nc2sc3CCCCc3c2C#N,1
599,COCCNC(=O)\C(=C\c1ccccc1)\NC(=O)c2ccccc2,0
600,FC(F)(F)C(Oc1nc(Nc2ccc(Cl)cc2)nc(n1)N3CCOCC3)C(F)(F)F,0
601,CCOc1ccc(cc1)N2C(=O)c3cccc(N)c3C2=O,0
602,CCOC(=O)c1sc(NC(=O)COc2ccc(CC)cc2)nc1C,1
603,Cc1ccc(cc1)C(=O)NCC2=NNC(=S)N2c3cccc(Cl)c3,0
604,CC(C)(C)OC(=O)C1C(C(C(=O)OC(C)(C)C)C(C)(O)CC1=O)c2ccccc2,0
605,[O-][N+](=O)c1ccc(cc1)C(=O)Nc2ccccc2C(=O)Nc3ccccc3,1
606,O=C(Nc1ccccc1c2nc3ccccc3s2)c4ccc(cc4)S(=O)(=O)N5CCCCC5,0
607,COc1ccc(cc1)C(=O)CSc2nc(O)c3ccccc3n2,0
608,CCCCC(C)NC(=O)C1CN(C(=O)C1)c2ccc(OCC)cc2,0
609,COc1ccc(Nc2cc(N3CCCCC3)c4nonc4c2[N+](=O)[O-])cc1,0
610,CCOC1=CC(=CC(=O)c2c(C)oc(C)c12)c3ccc(OC)cc3,0
611,COc1ccc(\C=C\2/CCc3cc(OC)ccc3C2=O)cc1,1
612,CCOc1ccc(cc1)c2nc3S\C(=C/c4ccccc4)\C(=O)n3n2,0
613,COc1ccc(cc1)C(=O)COC(=O)c2cccc(NC(=O)c3ccc(OC)c(OC)c3)c2,0
614,Cc1ccc(cc1)c2nc(Nc3cccc(c3)C(=O)O)c4ccccc4n2,0
615,Cc1ccc(NS(=O)(=O)c2cccc3cccnc23)cc1,0
616,CC(C)c1ccc(cc1)S(=O)(=O)\N=C/2\C=C(Nc3ccc(O)cc3)C(=O)c4ccccc24,1
617,COc1ccc(cc1)C2CC(=NN2S(=O)(=O)c3ccccc3)c4ccccc4,1
618,COc1ccc(cc1)C2CC3=C(C(N(C(=O)C)c4ccccc4N3)c5ccccc5)C(=O)C2,0
619,O=C(Nc1ccc(NC(=O)c2cccs2)cc1)c3oc4ccccc4c3,1
620,Clc1ccc(CN2C(=O)S\C(=C/c3ccc4OCOc4c3)\C2=O)cc1,0
621,COc1ccccc1NC(=O)CN(CCc2ccccc2)S(=O)(=O)c3ccccc3,1
622,COc1ccc(cc1)c2nc3S\C(=C/c4ccccc4)\C(=O)n3n2,0
623,CN1C(=O)C(O)(CC(=O)c2ccc(cc2)C(C)(C)C)c3ccccc13,0
624,CCN(CC)Cc1c(O)ccc2C(=O)C(=C(Oc12)C(F)(F)F)Oc3cc(C)cc(C)c3,0
625,OC(=O)c1ccc(Nc2nc(c3ccccc3)c4ccccc4n2)cc1,0
626,Clc1ccc(cc1)C2C3=C(Nc4ncnn24)c5ccccc5OC3c6ccccc6,0
627,CCC(C)NC(=O)CN(CCc1ccccc1)S(=O)(=O)c2ccc(C)cc2,0
628,CCCOc1ccc(\C=C\2/SC3=NC(=O)C(=NN3C2=O)c4ccccc4)cc1,0
629,CC(C)C(N1C(=O)c2ccccc2C1=O)C(=O)Nc3ccc(C)cc3,0
630,O=C(Nc1ccccc1)C2=CC3=C(CCCC3=O)N(C2=O)c4ccccc4,0
631,COc1ccc(cc1)c2ccc3c(N)c(sc3n2)C(=O)Nc4ccccc4C,1
632,CCN1C(=N)C(=CC2=C1N=C3N(C=CC=C3C)C2=O)S(=O)(=O)c4ccccc4,0
633,O=C1N(C(c2ccccc2)c3c(n[nH]c13)c4ccccc4)c5ccccc5,1
634,Fc1cccc(c1)C(=O)Nc2c(cnn2c3ccccc3)C(=O)Nc4ccccc4,0
635,CN(C)CCNC(=O)\C(=C\c1cccnc1)\NC(=O)c2ccccc2,0
636,Cc1cc(Nc2cccc(c2)C(=O)O)c3cc(Cl)ccc3n1,0
637,COc1ccc2cc(C3CC(=NN3S(=O)(=O)C)c4ccc(C)cc4)c(Cl)nc2c1,0
638,CC(C)c1ccc(cc1)[C@@H]2Nc3ccc(cc3[C@@H]4C=CC[C@H]24)C(=O)O,0
639,CCOc1cc(ccc1OC)c2cc(C(=O)O)c3c(ccc4ccccc34)n2,0
640,Cc1nc(cs1)c2ccc(NC(=O)c3ccc(cc3)[N+](=O)[O-])cc2,0
641,Clc1ccccc1C(=O)N\C(=C\c2occc2)\C(=O)Nc3ccccc3,0
642,Nc1c(sc2nc3CCCCc3cc12)C(=O)Nc4ccccc4,1
643,O=C(Nc1ccc(cc1)c2nc3ccccc3s2)c4ccccc4,1
644,CCOc1ccc2nc(C)cc(Nc3cccc(c3)C(=O)O)c2c1,0
645,CCCOC(=O)COc1ccc2C3=C(CCCC3)C(=O)Oc2c1,0
646,CCOc1ccc2nc(NC(=O)COc3ccccc3)sc2c1,1
647,CC1=C(C)C(=O)N=C(Nc2nc(C)c3cc(C)ccc3n2)N1,0
648,Cc1ccc(\C=C(/C#N)\C2=Nc3ccccc3C(=O)N2)cc1,1
649,CCSC1=Nc2sc3COC(C)(C)Cc3c2C(=O)N1c4ccccc4,0
650,CN(C(=O)c1c(C)onc1c2c(Cl)cccc2Cl)c3ccccc3,0
651,COc1ccc(Nc2nc(nc3ccccc23)c4ccc(cc4)[N+](=O)[O-])cc1,1
652,CCCCN(CC)S(=O)(=O)c1ccc(cc1)C(=O)Nc2ccc(cc2)c3nc4ccccc4[nH]3,1
653,CCN1C(=C(OC(=O)c2ccccc2)c3ccccc3S1(=O)=O)C(=O)c4ccccc4,1
654,Cc1ccc(cc1)c2ccc(CCC(=O)O)n2c3ccc(C)cc3,0
655,CCOC(=O)COc1ccc2C(=O)C(=C(Oc2c1)C(F)(F)F)c3ccc(OC)c(OC)c3,0
656,Clc1ccc(cc1)c2oc(cc2)C(=O)Nc3ccc(NC(=O)c4occc4)cc3,1
657,O=C1c2ccccc2C(=O)c3c1cccc3S(=O)(=O)Nc4ccccc4,1
658,Clc1ccc(cc1)C2C(=C(NC3=C2C(=O)CCC3)SCC(=O)Nc4ccccc4)C#N,1
659,Cc1ccc(cc1)c2csc(Nc3ccc(O)c(c3)C(=O)O)n2,0
660,CC(C)n1c(NCc2ccccc2O)nc3ccccc13,0
661,OC(=O)c1ccc(cc1)N2C(=O)c3cc4Oc5ccccc5c6ccccc6Oc4cc3C2=O,0
662,O=C(Nc1ccccc1)c2ccc(cc2)N3C(=O)C4C5CC(C=C5)C4C3=O,0
663,Cc1ccc(NC(=O)C2CC(=O)N=C(Nc3ccc(C)cc3)S2)cc1,1
664,COc1ccc(cc1)C2N(C(=O)C(=C2C(=O)c3ccccc3)O)c4nnc(C)s4,0
665,COc1ccc(cc1)c2noc(n2)c3cccc(c3)[N+](=O)[O-],0
666,CCCC(=O)NC(c1ccccc1)c2cc(Cl)c3cccnc3c2O,1
667,CCc1ccc(OCC(=O)Nc2ccc(cc2)S(=O)(=O)Nc3nc(C)cc(C)n3)cc1,0
668,O=C(Nc1ccccc1)C2=Cc3ccccc3C(=O)O2,0
669,Clc1ccc(NC(=O)CSC2CC(=O)N(C2=O)c3ccc(Cl)cc3)cc1,0
670,COc1cc(cc(\C=N\c2cccc(c2)c3oc4cccc(C)c4n3)c1O)[N+](=O)[O-],0
671,CCSc1nc2ccc(NC(=O)CSc3nc4ccc(N)cc4s3)cc2s1,1
672,CCCCNc1c(cnc2c(OC)cccc12)C(=O)OCC,0
673,O=C(CNC(=O)c1ccccc1)N(c2ccccc2)C3(CCCCC3)C(=O)NC4CCCCC4,0
674,CN1C(=Nc2c([nH]c3ccccc23)C1=O)SCC(=O)Nc4ccccc4,1
675,CC(C)CCNC(=O)CSc1nc2nc(C)c(Cc3ccccc3)c(C)n2n1,0
676,COc1ccc(cc1OC)c2onc(c2)C(=O)Nc3c(C)nn(Cc4ccccc4)c3C,0
677,CCN(C(=O)CCc1onc(n1)c2ccc(C)cc2)c3cccc(C)c3,0
678,[O-][N+](=O)c1ccc(cc1)N2C(=O)c3cc4ccccc4cc3C2=O,0
679,CCOC(=O)C1=C(C)N(C(=O)/C/1=C\c2ccc(OC)cc2)c3ccccc3,1
680,CCN(CC)C(=O)CSc1nc(cc(c1C#N)C(F)(F)F)c2cccs2,0
681,COc1cccc(NC(=O)c2cnc(N3CCN(CC3)c4ncccn4)c5ccccc25)c1,0
682,CCOC(=O)C1=CC2=C(N=C3C=CC=CN3C2=O)N(C(C)C)/C/1=N\C(=O)c4ccccc4,0
683,Cc1sc2NC(=O)N(C(=O)c2c1C)c3ccccc3,0
684,O\C(=C/C(=O)c1ccccc1)\C(=O)Nc2ccc(F)cc2,0
685,OC(=O)CCc1ccc(c2ccc(Br)cc2)n1CCc3ccccc3,0
686,Clc1cc(Cl)cc(c1)N2C(=O)c3cc4ccccc4cc3C2=O,0
687,CCc1c(C)nc2cc(nn2c1O)c3ccccc3,0
688,COc1ccc(cc1)N2C(=O)CC(Nc3cccc(c3)C(F)(F)F)C2=O,0
689,COc1ccc(cc1)C2C(CCC(=O)N2c3ccc(OC)cc3)C(=O)Nc4ccc(OC)c(OC)c4,0
690,COC(=O)C1=CN(NC(=O)c2ccc(OC)cc2)C(=O)c3ccccc13,0
691,CC(C)CC(NC(=O)C1CCCCC1)C(=O)Nc2cc(C)cc(C)c2,1
692,CC(C)CC1(NC(C2C1C(=O)N(C2=O)c3ccccc3Cl)c4ccc(C)cc4)C(=O)O,0
693,COc1ccc2c(CCc3c2onc3C(=O)Nc4cccc(O)c4)c1,1
694,COc1ccccc1NC(=O)\C(=C\C(=O)c2ccccc2)\O,0
695,Cc1ccc(NC(=O)C2Cc3ccccc3CN2S(=O)(=O)c4ccc(C)cc4)cc1,1
696,Nc1cccc(Oc2ccc3C(=O)N(C(=O)c3c2)c4ccccc4)c1,1
697,Clc1ccc(CSc2nnnn2c3ccccc3)cc1,1
698,COc1ccc(NC(=O)C2CC(=O)N(C)\C(=N\c3ccccc3)\S2)cc1,0
699,CCN(C(=O)c1cc2C(=O)Oc3ccccc3c2s1)c4ccccc4,0
700,CCN(CC)c1cc(C)c2cc(NC(=O)\C=C\c3ccc(OC)cc3)ccc2n1,0
701,COc1cc2C(=O)N(CC(C)C)C=C(C(=O)NC3CCCC(C)C3C)c2cc1OC,0
702,CC(C)(C)n1cnc2cc(NCc3ccccc3O)ccc12,0
703,OC(=O)C1(Cc2ccccc2)NC(C3C1C(=O)N(C3=O)c4ccc(F)cc4)c5ccc(Cl)cc5,0
704,CCC(C)NC(=O)c1cc2cc3cc(OC)ccc3nc2s1,0
705,Cc1cccc(NC(=O)C2CCCN2C(=O)OCc3ccccc3)c1,0
706,COc1cc2c(oc3ccccc23)cc1NC(=O)COc4ccc5ccccc5c4,1
707,CC(C)NC(=O)c1cc2C(=O)Nc3ccc(C)cc3c2s1,0
708,Brc1ccc2NC(=O)\C(=C/c3ccccc3)\c2c1,1
709,O=C(Cc1ccc(cc1)N2C(=O)Nc3ccsc3C2=O)NCc4ccccc4,0
710,CCc1ccc(NC(=O)CNS(=O)(=O)c2ccc(Br)s2)cc1,1
711,COc1ccc(cc1)C2=CN(C(=O)N2)c3ccccc3,0
712,COc1ccc(\C=C\2/Sc3ccc(cc3N(C)C2=O)C(=O)NCc4ccccc4)cc1,1
713,COc1ccc2OC(=O)C(=Cc2c1)c3csc(Nc4cccc5ccccc45)n3,1
714,O=C(NCCOc1ccccc1)c2cccc3ccccc23,0
715,CC1CC(C)(C)NC(=S)N1CCCC(=O)Nc2ccc(C)cc2,0
716,Brc1ccc(NS(=O)(=O)c2cc(Br)cc3CCN(C(=O)C4CC4)c23)cc1,1
717,CCCCn1c(nc2ccccc12)C(C)NC(=O)c3ccccc3,0
718,CCOc1ccc(cc1)N2C(=N\C(=C/c3ccccc3)\C2=O)SCC,0
719,Cc1cc(NC(=O)c2ccccc2)nc3c4ccccc4OC(=O)c13,0
720,Nc1ccc2oc(nc2c1)c3ccc4ccccc4c3,0
721,C\C(=N\NC(=O)COc1ccc(C)cc1Br)\CC(=O)Nc2ccc(C)cc2,0
722,Clc1ccccc1c2nnc(NC(=O)c3occc3)s2,1
723,CCOc1ccc(cc1)N2CC(CC2=O)C(=O)NC(C)c3ccccc3,0
724,CCN(CC)C(=O)c1ccc2C(=O)c3ccccc3C(=O)c2c1NCCO,0
725,CCCCNC(=O)c1cnc(Nc2ccccc2OC)c3ccccc13,0
726,CCOC(=O)c1[nH]c2ccccc2c1NC(=O)c3ccc4ccccc4c3,1
727,Clc1ccc(cc1)c2onc(c2)C(=O)NCc3ccccc3,0
728,[O-][N+](=O)c1cccc(c1)C(=O)Nc2cccc3cccnc23,0
729,Brc1cccc(c1)C(=O)Oc2ccc(\C=N\NC(=O)c3cccnc3)cc2,1
730,CC(=O)\N=C\1/NC(=O)\C(=C\c2oc(cc2)c3cccc(Cl)c3)\S1,1
731,CCOc1ccc2nc(SCC(=O)c3ccc(O)cc3)sc2c1,1
732,CCN(C(C(=O)Nc1ccc(OC)cc1)c2cc3OCOc3cc2[N+](=O)[O-])c4cccc(C)c4,1
733,CCc1ccc(NC(=O)C2CC(=O)N(C2c3ccc(OC)cc3)c4ccc(OC)cc4)cc1,0
734,Cc1ccc(Nc2c(nc3ccccn23)c4occc4)cc1,0
735,CCOC(=O)c1c(C)c(C)sc1NC(=O)c2cc(on2)c3ccc(OC)cc3,0
736,CC1CC2=C(S1)C(=O)N(Cc3ccccc3)C(=N2)SCC(=O)Nc4ccccc4,1
737,Cc1ccccc1Nc2c(nc3ncccn23)c4ccc(O)cc4,0
738,COc1ccc(cc1)c2nc(SCC(=O)NCc3occc3)c([nH]2)c4ccccc4,1
739,CCN(CC)C(=O)C1=NN(C(=O)c2c1c3ccccc3n2C)c4ccc(OC)cc4,0
740,COC(=O)c1ccc(NC(=O)C2=CC=CN(OCc3ccccc3)C2=O)cc1,0
741,Cc1ccc(NC(=O)CSC2=Nc3ccccc3C(=O)N2Cc4occc4)cc1,1
742,CCOC(=O)CCN(Cc1ccc(F)cc1)S(=O)(=O)c2ccc(Cl)cc2,1
743,CC(C)CCNC(=O)C1CN(CCc2ccc(C)cc2)C(=O)C1,0
744,CC(C)CN1C2=C(CCCC2)C(=C(C(=O)Nc3nccs3)C1=O)O,0
745,CCOc1ccc(NC(=O)CSC2=Nc3ccccc3C4=NC(C(=O)N24)c5ccccc5)cc1,1
746,COc1cccc(c1)c2nn(C)c3sc(cc23)C(=O)NCc4ccc(C)cc4,1
747,Cc1[nH]c2ccccc2c1C(=O)C(=O)NCc3ccc(Cl)cc3,0
748,OC(=O)c1ccc2Sc3ccccc3C(=O)N(Cc4ccccc4)c2c1,0
749,CC(=O)Nc1cc(ccc1S(=O)(=O)c2ccc(C)cc2)C(=O)NC3CC3,0
750,Cc1ccc(CNC(=O)C2=C(O)C3=C(CCCC3)NC2=O)cc1,0
751,Cc1ccc(CNC(=O)C2=CC=CN3C(=O)c4c5CCCCc5sc4N=C23)cc1,0
752,Cc1ccccc1NC(=O)C2=CN=C3SC=CN3C2=O,0
753,O=S(=O)(NCC(Nc1ccccc1)c2ccccc2)c3ccccc3,1
754,COCCNc1ncnc2c1c(cn2c3ccccc3)c4ccccc4,0
755,CCc1ccc(Sc2cc(C(=O)O)c3ccccc3n2)cc1,0
756,CCOC(=O)N1CCc2c(C1)sc(NCc3cccs3)c2C(=O)Nc4ccccc4OCC,1
757,NC(=O)c1sc2nc3CCCCc3c(c4occc4)c2c1N,0
758,O=C(Nc1cccc(c1)c2cn3cccnc3n2)c4ccccc4,0
759,O=C(Nc1nccs1)C2=Cc3ccccc3O/C/2=N\c4ccccc4,0
760,OC(=O)c1ccc(cc1)N2C(=Nc3ccccc3C2=O)\C=C/c4ccc(F)c(F)c4,0
761,CC12OC3(CN(Cc4ccccc4)C(=O)C3C1C(=O)NCc5ccccc5)C=C2,0
762,CCN1C=Nc2sc(C(=O)Nc3ccccc3)c(C)c2C1=O,0
763,Cc1ccc(cc1)C2N(C(=O)c3[nH]nc(c4ccccc4)c23)c5ccc(cc5)C(=O)O,0
764,Clc1ccc(cc1)C(=O)Nc2cccc(c2)c3cn4cccnc4n3,1
765,CCOc1cc2NC(=O)N(Cc3ccccc3)C(=O)c2cc1OCC,0
766,Cc1cccc(Nc2nc(NCCC3=CCCCC3)nc(n2)N4CCOCC4)c1,1
767,COc1ccc(cc1)C2C3=C(CC(C)(C)CC3=O)Nc4nc(SC)nn24,0
768,Cc1ccccc1OCc2onc(n2)c3ccc(NC(=O)c4occc4)cc3,1
769,CCOc1ccc(\C=C\2/Oc3ccc(cc3C2=O)C(=O)OC)cc1,0
770,COc1cccc(\C=C\C(=O)C2=Cc3ccccc3OC2=O)c1,1
771,CCN1C=C(C(=O)Nc2ccc(OC)cc2)C(=O)c3ccc(C)nc13,0
772,O=C(CCc1cn(Cc2ccccc2)c3ccccc13)NCc4ccccc4,1
773,CN1C=Nc2sc(C(=O)Oc3ccccc3)c(C)c2C1=O,0
774,COc1ccc(NC(=O)CN(c2ccc(C)cc2)S(=O)(=O)c3cccc4nonc34)cc1OC,0
775,O=C(Nc1ccccc1)C2=CN=C3C=CC=CN3C2=O,0
776,Cc1ccc(CNC(=O)CSCc2ccc(F)cc2)cc1,0
777,COC(=O)C1=CN(Cc2ccc(OC)cc2)C=C(C1c3ccc(OC)cc3)C(=O)OC,0
778,CCOC(=O)c1c(C)c(C(=O)Nc2cc(C)cc(C)c2)c(C)n1C,0
779,COc1ccc(cc1)c2nnc3SCC(=Nn23)c4ccc(Cl)cc4,0
780,COc1ccc(CN2CC(CC2=O)C(=O)NCCc3ccc(Cl)cc3)cc1,0
781,Cc1ccc(NC(=O)C2=C(O)c3cccc4CCCN(C2=O)c34)cc1,0
782,OC(COc1ccccc1)CN2CCNCC2,0
783,Cc1cccc(OCCSc2nc3ccccc3n2CC(=O)O)c1,0
784,[O-][N+](=O)c1cccc2C(=O)N(CCC(=O)Nc3ccccc3)C(=O)c12,0
785,COc1ccc(cc1)C2=NN(C(C2)c3cc4ccc(C)cc4nc3Cl)C(=O)CCCC(=O)O,0
786,Cc1cccc(NC(=O)COc2ccccc2)n1,0
787,Cc1[nH]nc2OC(=C(C#N)C(c3ccc(O)cc3)c12)N,0
788,Cc1cccc(N(CC(=O)NCc2occc2)S(=O)(=O)c3ccccc3)c1C,0
789,CC(C)OC(=O)c1c(NC(=O)CCC(=O)O)scc1c2ccccc2,0
790,CCOC(=O)c1nnn(c1CN(CC)CC)c2nonc2N,0
791,CC(C)NC(=O)c1cnc(N2CCN(CC2)c3ccccn3)c4ccccc14,0
792,OCCCc1nc2ccccc2[nH]1,0
793,Cc1ccc(cc1)C(=O)NN2C(=S)S\C(=C/c3ccccc3)\C2=O,1
794,COC(=O)c1cc(cc(c1)[N+](=O)[O-])C(=O)N2CCN(C)CC2,0
795,Cc1ccc(cc1)c2csc(NC(=O)C3C4CCC(C4)C3C(=O)O)n2,0
796,CCOc1ccc(cc1)c2cc(C(=O)O)c3ccccc3n2,0
797,COc1ccc(cc1)C(=O)NC(C)C(=O)O,0
798,O=C(NCCCN1CCOCC1)C(=O)Nc2ccccc2,0
799,CCCn1c(CCC(=O)O)ccc1c2ccccc2,0
800,Cc1ccc(Nc2ccc(cc2[N+](=O)[O-])C(=O)O)cc1,0
801,CCN(CC)CCCNC(=O)C1CCC(=O)N(C1c2ccc(OC)cc2)c3ccc(OC)cc3,0
802,Cc1nc2cc(ccc2n1c3ccccc3)C(=O)O,0
803,CC(C(Cc1ccc(C)cc1)C(=O)O)C(=O)O,0
804,OC(=O)CCC(=O)N1N=C(CC1c2ccccc2)c3ccc(Br)cc3,0
805,COc1ccc(\C=C(\NC(=O)c2ccccc2)/C(=O)Nc3ccc(cc3)C(=O)O)cc1,0
806,OC(COc1ccccc1)CN2CCN(CC2)c3ccccc3,0
807,CCOC(=O)C1=C(C)Nc2nnnn2C1c3ccc(O)cc3,0
808,CCSc1nnc2c(OC(Nc3ccccc23)c4ccc(OCC(=O)O)cc4)n1,0
809,O=C(CCCCC(=O)Nc1nccs1)Nc2nccs2,0
810,CCN(CC)S(=O)(=O)c1cccc(c1)C(=O)Nc2nnc(C)s2,0
811,CCCCN(C)C(=O)CN1C(=Cc2ccccc2C1=O)C,0
812,Cc1ccc(cc1)C(=O)NCc2ccccc2,0
813,COC(=O)\C(=C\c1ccc(O)cc1)\C#N,0
814,OC(=O)c1ccccc1NC(=O)c2ccc3C(=O)N(C(=O)c3c2)c4ccccc4,0
815,CC1CC(N(C(=O)CN2C(=O)c3ccccc3C2=O)c4ccccc4)c5ccccc5N1C(=O)C,0
816,CCN(CC)c1ccc(cc1)C2N(C(=O)C)c3ccccc3NC4=C2C(=O)CCC4,0
817,Cc1ccc(cc1)C(=O)C2=C(O)C(=O)N(CCCC(=O)O)C2c3ccccc3,0
818,O=C(N1CCN(Cc2ccccc2)CC1)c3ccncc3,0
819,CC(C)N(CCC#N)S(=O)(=O)c1ccccc1,0
820,CC1CN(CCN1c2cccc(C)c2)C(=O)CCN3C(C)CC(C)(C)NC3=S,0
821,Clc1ccccc1C(=O)Nc2cccnc2,0
822,OC(=O)c1cccc2C3C=CCC3C(Nc12)c4ccccc4,0
823,CC1CCN(CC1)c2nc(nc3ccccc23)c4ccccc4,1
824,CN1C(=O)N(C)C(=O)C2=C1NC3=C(C2c4ccccc4)C(=O)c5ccccc35,0
825,CN1C(=O)N(CC(=O)Nc2cccc(C)c2)C(=O)c3ccccc13,0
826,NC(=O)CSc1nc2CCCCc2cc1C#N,0
827,OC(=O)CCc1ccc(c2ccccc2)n1c3ccc(O)cc3,0
828,Cc1ccc(OCC(=O)Nc2ccccc2C(=O)O)cc1,0
829,Cc1ccc(NC(=O)CCNS(=O)(=O)c2cccc3nonc23)cc1,0
830,CCCC(=O)N\N=C\c1ccc(OC)cc1,0
831,O=C(Nc1ccccc1)C2COc3ccccc3O2,0
832,CCc1ccc(cc1)S(=O)(=O)N2CCN(CC2)c3ccccc3,1
833,CN1C(=O)N(C)c2nc(Cl)n(CC(=O)c3ccccc3)c2C1=O,0
834,COc1cc(cc(OC)c1OC)C(=O)N2CC(C)OC(C)C2,0
835,[O-][N+](=O)c1ccc(cc1)C(=O)COC(=O)CN2C(=O)C3C4CC(C=C4)C3C2=O,0
836,Cc1ccccc1CN2CCC(CC2)N3CCOCC3,0
837,CC(C)(COC(=O)c1ccccc1)NC2=NS(=O)(=O)c3ccccc23,0
838,CC(=O)C1=C(O)C(=O)N(C1c2ccc(F)cc2)c3ccc(F)cc3,0
839,COc1cc2C(C(N(C)C(=O)c2cc1OC)c3cccnc3)C(=O)Nc4ccc(F)cc4,0
840,Cc1ccc(cc1S(=O)(=O)Nc2ccc(cc2)C(=O)O)C(=O)Nc3ccccc3,0
841,COc1ccc(NC(=O)c2oc(cc2)[N+](=O)[O-])cc1,0
842,Cn1ccnc1SCC(=O)Nc2ccccc2,0
843,[O-][N+](=O)c1ccc(cc1)C(=O)N2CCN(Cc3ccccc3)CC2,0
844,Cc1ccc(Oc2ccc3C(=O)N(C(=O)c3c2)c4ccc(cc4)C(=O)O)cc1,1
845,OC(COc1ccccc1)CN2CCCCC2,0
846,COC(=O)C1=NN(C2C1C(=O)N(C2=O)c3ccc(Cl)cc3)c4ccccc4,0
847,CCc1ccc2nc(sc2c1)N3CCC(CC3)C(=O)NCCC(C)C,1
848,COc1ccc(NS(=O)(=O)c2cccc(c2)C(=O)O)cc1,0
849,Cc1onc(NS(=O)(=O)c2ccc(NC(=O)c3ccccc3)cc2)c1,0
850,COc1ccc(CC(=O)Nc2ccccc2C(=O)O)cc1,0
851,COc1ccc(cc1)C(=O)NCC2OCCc3ccccc23,0
852,COC(=O)C(O)(c1ccc(cc1)N(C)C(=O)C)C(F)(F)F,0
853,Cc1ccc(NC(=O)C2CC(O)CN2C(=O)OC(C)(C)C)cc1,0
854,COc1cccc(C2NC(CC(C)C)(C3C2C(=O)N(C3=O)c4ccccc4OC)C(=O)O)c1O,0
855,O=C(CCCNS(=O)(=O)c1cccs1)NCCc2ccccc2,0
856,CC1CCN(CC1)C(=O)CSC2=Nc3c([nH]c4ccccc34)C(=O)N2c5ccccc5,0
857,CC(C)NC(=O)c1noc2CCCCc12,0
858,COc1ccc2nc3sc(cc3cc2c1)C(=O)N4CCN(Cc5ccccc5)CC4,0
859,CCc1ccc(cc1)c2oc(C)c(CN3CCC(CC3)C(=O)NCCCOC)n2,0
860,COc1ccccc1N2CCN(CC2)C(=O)CCN3C(=O)c4ccccc4C3=O,0
861,CCCCNC(=O)C1CCN(CC1)c2nc3cc(C)ccc3[nH]2,0
862,COc1ccc(NC(=S)NCC2CCN(C2)c3ccc(OC)cc3)cc1,1
863,CCN(CC)C(=O)c1sc2ncnc(N3CCN(CC3)c4ccccc4)c2c1C,0
864,Cc1ccc(NC(=O)c2sc3NC(=O)C(=Cc3c2N)C(=O)O)cc1,0
865,O=C(CCN1C(=O)N(CC2=CC(=O)N3C=CC=CC3=N2)c4ccccc4C1=O)NCc5occc5,0
866,Cn1cc(CC(=O)NCCCN2CCOCC2)c3ccccc13,0
867,CCN1C(=O)C=C(OCC(=O)N2CCN(C(C)C2)c3ccc(C)cc3)c4ccccc14,0
868,COc1ccc(CNC(=O)CSc2nc3ccccc3[nH]2)cc1,0
869,CCS(=O)(=O)N1CCC(CC1)C(=O)NCc2occc2,0
870,CC(C)CCN(C1CCN(CC1)C(=O)C)C(=O)Nc2ccccc2,0
871,CCCCN(CC)C(=O)C1=CNc2ccc(cc2C1=O)S(=O)(=O)N(C)c3cccc(C)c3,0
872,Cc1cc(nn1CCCC(=O)Nc2c(C)nn(Cc3ccccc3)c2C)[N+](=O)[O-],0
873,CCN(CC)C(=O)CN1C(=O)N(Cc2ccc(cc2)C(=O)NCCCOC)C(=O)c3ccccc13,0
874,CCC(=O)N1N=C(CC1c2ccc(OC)cc2)c3cccc(NS(=O)(=O)C)c3,0
875,Cc1ccc(cc1)n2c(Cc3cccn3C)nnc2SCC(=O)Nc4ccccc4,0
876,CCCNC(=O)CCNC(=O)c1ccc(cc1)C(C)(C)C,0
877,COc1ccc(CN2CC(CC2=O)C(=O)NCCC(C)C)cc1,0
878,COc1ccc(NC(=S)N(CCN2CCOCC2)C3CCN(CC3)C(=O)C)cc1,0
879,CCN(CC)c1ccc(NC(=O)CN2CCN(CC2)S(=O)(=O)c3ccc(F)cc3)cc1,0
880,CC(C)n1c(nc2ccccc12)C(C)NC(=O)C,0
881,CCc1nnc(NC(=O)CSc2nccn2c3ccccc3)s1,0
882,Cc1ccc(NC(=O)c2ccc(NS(=O)(=O)c3c(C)onc3C)cc2)cc1,0
883,CCCNC(=O)C(=O)c1c(C)[nH]c2ccccc12,0
884,OC(=O)c1cc(nc2ccccc12)c3ccccc3,0
885,CCC(C)NC(=O)C1CCC(=O)N1CCc2ccccc2,0
886,CCCN1CCCc2cc(CN(CCCN3CCOCC3)C(=O)Nc4ccccc4)ccc12,0
887,Fc1ccc(NC(=O)CCN2CCN(CC2)c3ccc(F)cc3)cc1,0
888,CCn1c(CCNC(=O)c2ccc(OC)c(OC)c2)nc3ccccc13,0
889,Cc1ccc(Cl)cc1N2CCN(CCNC(=O)Nc3ccccc3)CC2,1
890,CC(=O)c1c(C)[nH]c(C(=O)N2CCN(Cc3ccccc3)CC2)c1C,0
891,COc1ccccc1CN2C(=Nc3ccccc3C2=O)SCC#N,1
892,CCCNC(=O)CCC1=Nc2ccccc2N(Cc3ccc(C)cc3)C1=O,0
893,CCCCNC(=O)C1CCC(=O)N1Cc2ccc(C)cc2,0
894,COc1ccc2C(=CC(=O)Oc2c1)C,0
895,CCN(CC)C(=O)c1cc2C(=O)Oc3ccccc3c2s1,0
896,CC1CC2=C(S1)C(=O)N(C)C(=N2)SCC(=O)N,0
897,CCN(Cc1ccccc1)C(=O)c2[nH]c(C)c(C(=O)C)c2C,0
898,CC(=O)NCCN1C(=O)c2ccccc2N=C1SCC(=O)Nc3ccc(C)cc3,0
899,CC(C)CCNS(=O)(=O)c1ccc2oc(C(=O)O)c(C)c2c1,0
900,CCN1CCN(CC1)C(=O)C2CN(C(=O)C2)c3ccc(F)c(Cl)c3,0
901,COCCNC(=O)c1ccc2c(c1)ncn2c3ccc(OC)cc3,0
902,CN(c1ccccc1C)S(=O)(=O)c2ccc3NC=C(C(=O)O)C(=O)c3c2,0
903,Cc1ccc(NC(=O)c2ccc(NC(=O)CCS(=O)(=O)c3cccs3)cc2)cc1,1
904,CC(C)c1ccc(cc1)c2nc(nc3nn4c(C)c(CCC(=O)O)c(C)nc4c23)N5CCC(C)CC5,0
905,COc1ccc(cc1)C2N3CCCC3C(=O)N2c4ccc(Cl)c(Cl)c4,0
906,CCCCNC(=O)CC(C(=O)N1CCc2ccccc12)n3ccnc3,0
907,CC(C)NC(=O)C1CN(C(=O)C1)c2ccc(F)c(Cl)c2,0
908,COc1ccc(cc1)S(=O)(=O)CCC(=O)NCCc2ccc(C)cc2,0
909,CC(C)c1onc(c1)C(=O)Nc2c(Cl)cccc2Cl,0
910,CCN(C(=O)Cc1c([nH]c2ccc(Cl)cc12)C(=O)O)c3ccccc3,0
911,CN1C(=O)c2cc(sc2c3ccccc13)C(=O)N4CCN(CC4)c5ccc(Cl)cc5,0
912,CCCCNC(=O)CCCCCN1C(=S)Nc2cc3OCOc3cc2C1=O,0
913,CC1CCCC(C)N1CCCNC(=O)C2N(Cc3ccc(C)cc3)C(=O)c4ccccc24,0
914,CCC(C)N1CC(CC1=O)C(=O)NC2CCCCC2,0
915,CCCCN(C)C(=O)c1sc2ncnc(N3CCN(CC3)c4ccccc4)c2c1C,0
11188,CC(C)C1=NN=C(NC(=O)CC2=COC3=C2C(C)=CC(C)=C3)S1      ,1
2495,CC1=CC=C(C=C1)C2=NC3=NC4=CC=CC=C4N=C3N2CC5=CC=CO5      ,1
12424,CC1CCN(CC1)C(C2=CC=CC=C2)C3=C(O)C=C(C)N(CC4=CC=CO4)C3=O      ,1
7906,COC1=CC2=C(OC3=CC=CC=C23)C=C1NC(=O)C4=CC=CC(=C4C)[N+]([O-])=O      ,1
10778,CN1C2=C(C=CC=C2)C3=C1C(=O)N(C=C3C(=O)N4CCN(CC4)C5=CC=CC(=C5)C(F)(F)F)C6CCCCC6      ,1
10389,CC1=NN(C2=C1C=C(S2)C(=O)NC3=CC(Cl)=CC=C3)C4=CC=CC=C4      ,1
10111,[O-][S+](=O)(N1CCC2(CN(C2)C3=CC=CC=C3)CC1)C4=CC=CC=C4      ,1
2353,CCCCOC1=CC=C(C=C1)N(CC(=O)NC2CCCC2)C(=O)CCC(=O)NC3=CC=CC=N3      ,1
10502,CC1=CC=C(C=C1)S(=O)(=O)C2=C(C)C(NS(=O)(=O)C3=CC=C(Br)C=C3)=C(C)C=C2O      ,1
1217,Fc1ccccc1c3nc(C#N)c(NCCN2CCOCC2)o3      ,1
9156,NC1=NC(CSC(=S)N2CCN(CC2)C3=CC=CC=C3)=NC(NC4=CC=C(F)C=C4)=N1      ,1
11954,CC1=CC=CC(NC(=O)N2CCC3=C(SC4=C3CCCC4)C2C5=CC=C(F)C=C5)=C1      ,1
975,O=C1CCC(=O)N1c4cccc(c3nc2ccccc2o3)c4      ,1
6188,CC1CCCCN1C(S)=NCCC2=CC=CC=C2      ,1
7662,ClC1=CC=C(C=C1)C2SC3=CC=CC=C3N=C4C2C(=O)C5=CC=CC=C45      ,1
8313,COC1=CC(Cl)=C(C)C=C1NC(=O)COC2=CC=CC=C2[N+]([O-])=O      ,1
7340,[O-][N+](=O)\C=C\C1=CN(CC2=CC=CC=C2C#N)C3=CC=CC=C13      ,1
7972,CC1=CC=CC=C1OCC(=O)ONC(=N)CC2=CC=CS2      ,1
8052,ClC1=CC=C(C=C1)S(=O)(=O)C2=CC(OC(=O)C3=CC=CO3)=CC=C2OC(=O)C4=CC=CO4      ,1
2468,Cl.CCOC(=O)C1=CN=C2C(Cl)=C(Cl)C=CC2=C1N3CCN(C)CC3      ,1
9531,CC1=CC=CC(C)=C1NC(=O)COC2=CC=CC=C2C(=O)NC3=CC=C(Br)C=N3      ,1
7305,ClC1=CC=C2OC(C3=CC=NC=C3)C4=C(NC5=NC=NN5C4C6=CC=C(Br)C=C6)C2=C1      ,1
2968,CC1=NC2=C(C(N)=C(O2)C(=O)C3=CC=CC=C3)C4=C1COC(C)(C)C4      ,1
8499,CC1=CC=CC=C1OCC(=O)NNC(=O)C2=CC=C(C=C2)C3=CC=CC=C3      ,1
6632,COC1=CC=C(\C=C2/CN(CC3=CC=CC=C3)C\C(=C/C4=CC=C(OC)C=C4OC)C2=O)C(OC)=C1      ,1
7476,[O-][N+](=O)C1=CC(=CC=C1Cl)C(=O)OC2=CC=C(C=C2)C3=CN=C4C=CC=CC4=N3      ,1
7298,COC1=CC=CC=C1NC(=O)C2=C(C)C3=C(S2)N=CN(CC4=CC=CC=C4C)C3=O      ,1
7116,COC1=CC=C(NC(=O)C2=NN3C(=C2)N=C(C=C3C4=CC=CC=C4)C5=CC=CC=C5)C(OC)=C1      ,1
1101,CCOC(=O)CCc2c(C)nc1n(C(C)(C)C)nc(C)c1c2C      ,1
9260,CC1=CC=C(C=C1)N2CCN(CC2)N=C\C=C\C3=CC=CC=C3      ,1
3091,CC1=CC=CC=C1C2=NOC(=N2)C3=CC=C(Cl)C=C3      ,1
8468,BrC1=CC=C(C=C1)C(=O)NC(=S)N2CCCC3=CC=CC=C23      ,1
9171,COC1=CC=C(C=C1F)C2=COC3=CC4=C(C=C23)C5=CC=CC=C5C(=O)O4      ,1
3063,FC1=CC=CC2=C1C(Cl)=C(S2)C(=O)NCC3=CC=CO3      ,1
1422,CC1=CC(=CC(=C1)OCCN2C3=CC=CC=C3N=C2CCNC(=O)C4CCCCC4)C      ,1
9059,CC1=CC=C(C)C(CSC2=NC3=CC=NC=C3N2CC(=O)NC4=CC=C(C)C(C)=C4)=C1      ,1
2759,OC3(CC(=O)C1=CC=C(C=C1)N2C=CC=C2)C(=O)N(CC=C)C4=CC=CC=C34      ,1
3902,CC(C)(C)C1=CC(NC(=O)C2=CC(F)=C(F)C(F)=C2F)=NO1      ,1
3380,CCCC1=NC2=C(C(=O)N1CC3=CC=CO3)C(=O)C4=CC=CC=C4S2      ,1
9278,CCCOC1=CC=C(NC(=O)CC2N(CC3=CC=CS3)C(=S)N(CC4=CC=CC=C4)C2=O)C=C1      ,1
3394,COC(=O)C1=CC=CC=C1NC(=O)CN2C=CN=C2      ,1
8369,CC(=NNC(=O)CNC1=CC=C(C)C=C1)C2=CC=C(Cl)C=C2      ,1
3543,ClC1=CC=C(CCNC(=O)C2CCN(CC2)S(=O)(=O)C3=CC=CC4=NON=C34)C=C1      ,1
1513,CC1=C(C=C(C=C1)NC(=O)COC2=C(C=C(C=C2)/C=N/NC(=S)N)OC)C      ,1
12347,CC1=C(CN2C3=CC(=CC=C3SC4=C(C=CC=C4)C2=O)C(=O)NCC5=CC=CS5)C=CC=C1      ,1
10245,O=C(CC(=O)C1=CC=CC=C1)C2=CC=CC=C2      ,1
221,COc5ccc(c4nnc(NC(=O)c3ccc(S(=O)(=O)N1CCCc2ccccc12)cc3)o4)cc5      ,1
3525,CC1=CC2=CC(CNC(=O)NC3CCCCC3)=CC=C2N1      ,1
10416,COCCCN1C(=N)C(=CC2=C1N=C3C=CC=CN3C2=O)C(=O)NC4CCCCC4      ,1
11036,COC1=C(OC)C=C(CCNC(=O)C2=CC3=C(S2)C4=C(OC3)C=CC=C4)C=C1      ,1
7516,COC1=CC=C2S\C(N(C)C2=C1)=C3/SC(=NCC4=CC=CC=C4)N(C3=O)C5=CC=CC=C5      ,1
7879,CNC(=O)CN1C(=O)NC2(CCC3=CC=CC=C23)C1=O      ,1
9312,[O-][N+](=O)C1=CC=C(C=C1)N2CCN(CC2)C(=O)C3=CC=C(O3)C4=CC=CC(Cl)=C4      ,1
2825,ClC1=CC=C(C=C1)N2N=NN=C2SCC3=C(N=C4SC=CN34)C5=CC=CC=C5      ,1
8345,ClC1=CC=C(C=C1)C(=O)CN2CCN(CCN3C(=O)C4=CC=CC5=CC=CC(C3=O)=C45)CC2      ,1
6375,CSC1=NN2C(=N1)N=CC=C2C3=CC=C(Cl)C=C3      ,1
8743,CCN(CC)C1=CC=C(NC(=O)CN2N=CC3=C(C)N(CC4=CC=CC=C4F)C(C)=C3C2=O)C(C)=C1      ,1
625,CCOc3ccc(Cn2nnc(C(=O)Nc1cc(C)cc(C)c1)c2N)cc3      ,1
12566,COC1=CC2=C(C(OC)=C1)C(=CC(=O)O2)C3=CC(=CC=C3)C4=CC=C(C=C4)C(C)=O      ,1
5346,COC(=O)C1=CC(=CC(=C1)[N+]([O-])=O)C(=O)NCCN2C(=O)S\C(=C/C3=CC=CS3)C2=O      ,1
2009,C1=CC=C(C=C1)CNC2=C(N=C(O2)C3=CC=CO3)S(=O)(=O)C4=CC=CC=C4      ,1
1852,CC1=C(C=C(C(=O)O1)NC(=O)C2=CC=CC=C2)C(=O)C3=CC=CC=C3      ,1
11324,CCC1=CC=C(CN(CC2=CC=CO2)C(=O)COC3=C(C)C=C(Cl)C=C3)C=C1      ,1
175,Cc4nn3cc(c2ccc(c1ccccc1)cc2)nc3s4      ,1
4481,COC1=CC=C2N=C(NC(=O)CSC3=NC(SC)=NS3)SC2=C1      ,1
2938,C(SC1=NN=C(O1)C2=CC=CS2)C3=CSC(=N3)C4=CC=CC=C4      ,1
2701,O=C(NCC1=CC=C2OCOC2=C1)C3=CC=C(C=C3)C4SCC(=O)N4CC5=CC=CO5      ,1
8865,CN1C2=CC=CC=C2C(C)(C)\C1=C/C=C3/SC(=S)N(CC=C)C3=O      ,1
1037,COC(=O)CN(c1ccc(C(C)C)cc1)S(=O)(=O)c2c(C)nc(O)nc2O      ,1
2258,BrC1=CC=C(C=C1S(=O)(=O)N2CCCCC2)C(=O)OC3=CC=CC(NC(=O)C4=CC=CO4)=C3      ,1
12146,COC1=C(C=C(C)C=C1)N2C(=O)C3=C(N=C2SCC(=O)NCC4=CC=CO4)C5=C(N3)C=CC=C5      ,1
2814,CC1=CC=C(NC2=NC(CSC3=NN=NN3C4=CC=CC=C4)=CS2)C=C1      ,1
11576,CC1=CC(CN2C3=C(OC4=C3C=CC=C4)C(=O)N(CC5=CC=CO5)C2=O)=C(C)C=C1      ,1
10908,NC1=C(N=NN1CC2=CC(Br)=CC=C2)C(=O)NCC3=CC=CC=C3      ,1
12145,FC1=C(C=CC=C1)N2C(=O)C3=C(N=C2SCC(=O)NC4=CC=CC(=C4)C(F)(F)F)C5=C(N3)C=CC=C5      ,1
10512,CCN(CC)C1=CC(C)=C(C=C1)N2N=C3C=C(C)C(NC(=O)C4=C(C)C=CC=C4)=CC3=N2      ,1
1732,CC1(CC2=C(C(=NC(=C2CS1)C3=CC=CO3)N4CCN(CC4)C(=O)C5=CC=CC=C5Cl)C#N)C      ,1
3520,ClC1=CC=C(OCC2=CC=C(O2)C(=O)NC3=NC=CS3)C=C1      ,1
11282,CC1=CC(O)=C(C2=NNC3=C2C(N(CC4=CC=CO4)C3=O)C5=C(F)C=CC=C5)C(C)=C1      ,1
7532,CC1=C(COC2=CC=C(C=C2)C(=O)OCC(=O)NC3=CC=C4C=CC=CC4=C3)C(C)=NO1      ,1
9798,CC1=CC(NC(=O)C2=CC(=NC3=CC=CC=C23)C4=CC=C(C)C(C)=C4)=NO1      ,1
8660,COC1=CC=C(CNC2=NC(=NN2C(=O)C3=CC=C(C=C3)[N+]([O-])=O)C4=CC=CC=C4)C=C1      ,1
10312,COC1=CC=C(C=C1)C(=O)N2C3=C(C=C(C)C=C3)C(C)(CC2(C)C)C4=CC=CC=C4      ,1
10917,CCN(CC)S(=O)(=O)C1=CC=C(NC(=O)[C@H](CSCC2=CC=CC=C2)N3CC4=C(C=CC=C4)C3=O)C=C1      ,1
3789,COC1=CC=C(C=C1)N2C(=O)C3=C(CCS3)N=C2SCC(=O)N4CCN(CC4)C5=CC=CC=C5      ,1
7895,COC(=O)C1=CC=C(C=C1NC(=O)C2=CC=CC=C2C)C(=O)NC3=CC(Cl)=CC=C3Cl      ,1
9351,FC1=CC=C(C=C1)C2CC(=O)N3C(S2)=NC(=C3C4=CC=CC=C4)C5=CC=CC=C5      ,1
7679,CCOC(=O)C1=CC(C#N)=C(SCC2=CC=CC3=CC=CC=C23)N=C1C      ,1
10836,CC1=CC=C(C=C1)N(CC(=O)NC2=CC=C(Cl)C=C2)S(=O)(=O)C3=CC=CC4=NON=C34      ,1
8816,COC1=CC=CC(N\C(SCC2=CC=CC(=C2)[N+]([O-])=O)=C(\C#N)C(=O)NCC3=CC=CS3)=C1      ,1
1136,O=C(CCCCn2c(=O)[nH]c1ccccc1c2=O)NC4CCN(Cc3ccccc3)CC4      ,1
3682,CC1=CC=C(C=C1)C2=NNC(NC3=CC=CC=C3)=N2      ,1
8592,CC(C)OC(=O)C1=NN2C(C3=CC=CC(=C3)[N+]([O-])=O)C(C(=O)NC4=CC=C(C)C=C4C)=C(C)NC2=N1      ,1
2318,COC1=CC=C(N2N=NN=C2SCC(=O)C3=CC=C4OCCOC4=C3)C(OC)=C1      ,1
8756,CCOC(=O)C1=C(CSC2=NC3=CC=CC=C3S2)NC(=O)NC1C4=CC=CC(=C4)[N+]([O-])=O      ,1
12144,FC1=C(C=CC=C1)N2C(=O)C3=C(N=C2SCC(=O)NC4=C(C=CC=C4)C(F)(F)F)C5=C(N3)C=CC=C5      ,1
1173,Cc4ccc3nc(NC(=O)C2CCCN(S(=O)(=O)c1cccnc1)C2)sc3c4      ,1
4487,CCCN1C(=O)C2=CC=CC=C2N=C1SC(C(=O)NC3=CC(C)=CC=C3OC)C4=CC=CC=C4      ,1
6803,O=C1C2=CC=CC=C2CCC\C1=C\C3=CC=C4C=CC=CC4=C3      ,1
3699,CC1=CC=C(C=C1)C2C(C#N)=C(N)N3C(=O)CSC3=C2C(=O)NC4=CC=CC=C4      ,1
4547,COC1=CC=CC(NC2=NC(=NC3=CC=CC=C23)C4=CC=CS4)=C1      ,1
3055,CC(OC1=CC=C2C(C)=CC(=O)OC2=C1)C(=O)NC3=NN=C(C)S3      ,1
7228,CCC1=CC=C(NC(=O)CS(=O)CC(=O)NCCCC2=CC=CC=C2)C=C1      ,1
3812,CN1C(C)=CC2=CC(CNS(=O)(=O)C3=CC=CC=C3)=CC=C12      ,1
5189,CC(=O)NC1=CC=C(C=C1)C2=CSC(NC(=O)C3CCN(CC3)S(=O)(=O)C4=CC=CS4)=N2      ,1
3099,O=C(CSC1=NCCS1)NC2=C(C#N)C3=C(CCCC3)S2      ,1
9746,CCOC(=O)C(=NNC1=CC=C(C=C1)C(C)=O)C2=CSC(NC3=CC=CC=C3)=N2      ,1
6090,CC1=C(SC(NC(=O)C2=CC=CC=C2)=N1)C3=CSC(NCC4=CC=CC=C4)=N3      ,1
10374,FC1=CC=C(C=C1)C2=NNC3=C2C(N(C3=O)C4=CC=CC=C4)C5=C(F)C=CC=C5      ,1
5032,CC1(C)C2CC1C(C=NNC(=O)C3=CC=C(Cl)C=C3)=CC2      ,1
10913,CCOC(=O)C1=CC=CC(NC(=O)[C@H](CSCC2=CC=CC=C2)N3CC4=C(C=CC=C4)C3=O)=C1      ,1
11216,CCCN1C(C2=C(NN=C2C3=C(O)C=CC=C3)C1=O)C4=CC(OC)=C(OCC5=CC=CC=C5)C=C4      ,1
1149,COc2ccc(S(=O)(=O)N1CCN(C)CC1)c3ccccc23      ,1
7343,FC1=CC=C(C=C1)C2=CCN(CC2)C(C3=NN=NN3CC4=CC=CC=C4)C5=CC=C(Cl)C=C5      ,1
7134,CC1=CC=C(C=C1)C(=O)CSC2=NN=C(O2)C3=CNC4=CC=CC=C34      ,1
9046,COC1=CC=C2C=C3C(N)=NN(C(=O)C4CCC(CC4)C(C)(C)C)C3=NC2=C1      ,1
9363,CC(C)C1=CC=C(\C=C\C(=O)NC(=S)NC2=CC=C(CN3CCOCC3)C=C2)C=C1      ,1
2907,CC1=NN(C(C)=C1Cl)C2=CC=C(C=C2)C(=O)NC3=NN=C(S3)C4CC4      ,1
10402,CC1=CC=C(C=C1S(=O)(=O)NCC2=NC3=C(N2)C=CC=C3)C4=NN=C(NC5=CC=C(Br)C=C5)C6=C4C=CC=C6      ,1
5796,[O-][N+](=O)C1=CC(=CC(=C1)[N+]([O-])=O)C(=O)OC2=CC=C(Br)C=C2C(=S)N3CCCCC3      ,1
9144,BrC1=CC=C(C=C1)N2C(=O)CC(N(CCC3=CC=CC=C3)C(=S)NC4=CC=CC=C4)C2=O      ,1
153,CSC(\NS(=O)(=O)c1cccs1)=N/C(=O)CSc3nc2ccccc2s3      ,1
10481,CC1=CC(SCC(=O)NC2=NSC(=N2)C3=CC=C(C=C3)C(C)(C)C)=NC4=C1C=CC=C4      ,1
6099,ClC1=CC=C(SC2=CC=C(O2)\C=C3\NC(=O)NC3=O)C=C1      ,1
12425,COC1=CC=C(C=C1)C2=CN3N=C(SC3=N2)N4CCC(CC4)C(=O)NC5=CC(Cl)=CC=C5      ,1
12302,CC1=C(CN2C3=CC(=CC=C3S(=O)C4=C(C=CC=C4)C2=O)C(=O)NCC5=CC=C(Cl)C=C5)C=CC=C1      ,1
12444,[H][C@]12CN(CC3CCCCC3)[C@H](C4=CC=CC=C4)C15CC(C5)([C@@H]2C6=CC=C(C=C6)C(F)(F)F)C7=CC(=CC=C7)C(=O)OC      ,1
1746,C1C(C(OC2=CC(=CC(=C21)O)O)C3=CC(=O)C(=C4C(=C3)C(=CC(=C4O)O)C5C(CC6=C(C=C(C=C6O5)O)O)OC(=O)C7=CC(=C(C(=C7)O)O)O)O)OC(=O)C8=CC(=C(C(=C8)O)O)O      ,1
2335,FC1=CC=C(C=C1)N2CCN(CC2)C3=CC=CC=C3NC(=O)C4=CC=CC=C4      ,1
2601,C1COC2=CC3=C(SC(=N3)N4CCC5=CC=CC=C5C4)C=C2O1      ,1
1498,C1CN(CC(C2=CC=CC=C21)C3=CC=CC=C3)CCC(=O)C4=CC5=C(C=C4)OCCO5.Cl      ,1
12392,CC1=CC=C(C=C1)C2=CC(N3C(N2)=NC4=C3C=CC=C4)C5=C(C)C=CC=C5      ,1
9694,CC1=CC(F)=CC=C1S(=O)(=O)N2CCCOC2CNC(=O)C(=O)NCCC3=CNC4=CC=CC=C34      ,1
10932,CCOC1=CC=C(C=C1)C2=NN3C=C(C(=O)NC4=CC(CC)=CC=C4)C(=NC3=C2)C5CCN(CC5)C(=O)OC(C)(C)C      ,1
1366,Cc1ccc(cc1)C(=O)Nc2nc(cs2)c3cc(Cl)sc3Cl      ,1
10996,CN1CCN(C(=O)NC2=CC(Cl)=CC=C2C)C3=C1N=CC=C3      ,1
10885,CC1=NOC(\C=C\C2=CC=CS2)=C1S(=O)(=O)N3CCC(CC3)C(=O)NC4=CC=C(F)C(Cl)=C4      ,1
9498,CCN(CC)C1=CC=C(C=C2SC3=NN=C(N3C2=O)C4=CC=CC=C4C)C=C1      ,1
5601,CCOC1=CC=CC=C1CNC(=O)C2=CC3=C(N2C)C4=CC=CC=C4O3      ,1
2291,CC1=CC(C)=NN1C2=NC(=NC(NC3=CC=CC=C3)=N2)N4N=C(C)C=C4C      ,1
2890,CN1C(=O)C2=CC=CC=C2N=C1SCC(=O)C3=C(C)N(CC4=CC=C5OCOC5=C4)C(C)=C3      ,1
7793,CC1=CC=C(S1)C=NNC2=NC(Cl)=C(Cl)C=C2Cl      ,1
7505,C[C@H]([C@H]1C[C@]1(C)[C@H](NS(=O)(=O)C2=CC=CC=C2)C3=CC=CC=C3)C(=O)NC4=CC=C5C=CC=CC5=C4      ,1
6664,CC1=CC(C=NNC(=O)C2=CC=CS2)=C(C)N1C3=CC=C4N=CC=CC4=C3      ,1
6862,O=C(CSC1=NN=C(C2=CC=CC=C2)C(=N1)C3=CC=CC=C3)N4CCC5=CC=CC=C45      ,1
1078,Clc4ccc(NC2N(c1cccnc1)C(=O)c3ccccc23)nc4      ,1
11437,CC1=CC=C(SCC(=O)NC2=CC3=C(OC(=N3)C4=CC(C)=CC=C4)C=C2)C=C1      ,1
5775,CCCCCCCCCCSC1=NNC(NC(C)=O)=N1      ,1
5731,CC1=CC(NC(=O)C2=NOC(=C2)C3=CC=CC=C3)=NO1      ,1
7460,COC1=CC(\C=C2/C(=O)N(N=C2C)C3=CC=CC=C3)=CC=C1OC4=CC=C(C=C4[N+]([O-])=O)[N+]([O-])=O      ,1
1208,CCC(C)N3CC12OC(C=C1)C(C(=O)OC)C2C3=O      ,1
7694,C=CCSC1=NC2=C(C3=C(S2)C4=CC=CC=C4CC3)C(=O)N1CC=C      ,1
9358,ClC1=CC=C(NC2=NC(=O)C(CC3=CC=CC(Cl)=C3Cl)S2)C=C1      ,1
9726,COC1=CC(N2CCCC2)=C(OC)C=C1\C=C3\NC(=S)NC3=O      ,1
7349,CC1=C(C=CO1)C2=NN=C(O2)SCC(=O)NC3=NC4=CC=CC=C4S3      ,1
3196,CCOC(=O)CNC(=O)CSC1=NC=NC2=C1C=NN2C3=CC=C(Cl)C=C3      ,1
1019,CCOc2ccc(S(=O)(=O)n1ccnc1)c3ccccc23      ,1
11732,CC1=CC=CC(=C1)C(=O)NC2=C(OC3=C2C=CC=C3)C(=O)N4CCN(CC4)C5=CC=C(F)C=C5      ,1
4068,CCSC1=NN=C(NC(=O)C(CC2=CC=CC=C2)N3C=CC=C3)S1      ,1
8520,COC1=CC=CC(=C1)C(=O)COC2=CC=C3C(OC(=O)C(CC4=CC=CC=C4)=C3C)=C2      ,1
12174,CC(C)CNC(=O)C(=O)NC1=C2CSCC2=NN1C3=CC=C(Cl)C=C3      ,1
8086,CC(=O)C1=CC=CC(NS(=O)(=O)C2=CC=C(N\C=C/C(=O)C3=CC=C(F)C=C3)C=C2)=C1      ,1
5632,O=C(CC1=CC=C(C=C1)N2C=CC=C2)NC3CCCCCC3      ,1
1904,CC1=CC(=C(C=C1)NC(=O)COC(=O)CNC(=O)C2=CC=C(C=C2)Br)C      ,1
3903,CC1=C(C=CO1)C(=O)NC2=CC=C3C=CC=CC3=C2      ,1
3300,N#CC1=C(SC2=C1CCC2)N=CC3=CC=CO3      ,1
10744,CC1=CC=C(NC(C2=NN=C(O2)C3=CC=CC=C3)C4=CC(Cl)=CC=C4)C=C1F      ,1
3296,CCOC(=O)CON1C2=C(CCCC2)C3=C1C=CC4=[N+]([O-])ON=C34      ,1
6138,CC1=CC=C(NC(=O)C2=C(N)N(CC=C)C(=S)S2)C=C1      ,1
135,Nc4nc3ccc(S(=O)(=O)c2ccc1nc(N)sc1c2)cc3s4      ,1
11089,CC1=CC=C(CNC(=O)C2=CC=C(S2)N3CC4=C(OC5=C3C=CC=N5)C=CC=C4)C=C1      ,1
10656,COC1=CC=C(Cl)C=C1N2N=NC(=C2C)C3=NSC(NC(=O)C4=C(Cl)C=CC=C4)=N3      ,1
11520,COC1=CC=C(CC(=O)NC2=CC(=CC=C2C)C3=NC4=C(S3)N=CC=C4)C=C1      ,1
12349,COC1=CC=C(NC(=O)C2=CC=C3C(=C2)N(CC4=CC(Cl)=CC=C4)C(=O)C5=C(C=CC=C5)S3=O)C=C1Cl      ,1
7384,O=C(CCCCCCCC(=O)NNC(=O)NC1=CC=CC=C1)NNC(=O)NC2=CC=CC=C2      ,1
5410,OC1=C(N=NC(=O)C2=CC=C(O)C=C2)C3=CC=CC=C3N1CC4=CC=CC=C4      ,1
2045,CC(=O)OC1=C(N=C(O1)C2=CC=CC=C2)C=NC3=CC=CC=C3      ,1
12194,COC1=CC=CC2=C1C=C(N2)C(=O)NCC3=CC4=C(C=C3)N(CC4)C(=O)C5=CC=C(F)C=C5      ,1
6214,FC(F)(F)C1=CC=CC(NC(=O)N2CCN(CC2)C(=O)NC3=CC=CC(=C3)C(F)(F)F)=C1      ,1
6959,CC1=C(C#N)C2=NC3=CC=CC=C3N2C(NC4=CC=CC(=C4)[N+]([O-])=O)=C1      ,1
5423,OC1=CC=C(C(O)=C1)C2=NN=C(NCC3=CC=C4OCOC4=C3)SC2      ,1
1034,CCOC(=O)C2C4OC3(CN(c1ccc(Cl)c(F)c1)C(=O)C23)C=C4      ,1
11975,CCC1=CC=C(CNC(=O)C2CCCN(C2)S(=O)(=O)C3=CC=C4N(C)C=CC4=C3)C=C1      ,1
8323,NC(=NOC(=O)C1=CC=C2C=CC=CC2=C1)C3=CC=CC(=C3)[N+]([O-])=O      ,1
9122,CC1=CC=C(C)C(=C1)C(=O)COC(=O)C2=CC=CC(=C2)N3C(=O)C4=C(C3=O)C5=CC=CC=C5N=C4C      ,1
5543,COC1=CC=CC=C1[C@H]2[C@@H](N(N=C2C3=CC=C(F)C=C3)C4=CC=CC=C4)C(=O)N5CCOC5=O      ,1
3324,CC1=CC=CC=C1N2C(=O)C(SC2=C(C#N)C(=O)NC3=CC=CC=C3)=CC4=CC=CO4      ,1
9935,CC1=CC=CC=C1CN2C(=O)N(CC3CCC(CC3)C(=O)NCCC4=CC=CC=C4)C(=O)C5=CC=CC=C25      ,1
5274,FC1=CC=C(C=C1)C(=O)NC2=CC(=CC=C2N3CCCCC3)S(=O)(=O)NC4=CC=C(Cl)C=C4      ,1
4019,BrC1=CC=C(C=C1)C2=NN=C3SC(CNCC4=CC=C5OCOC5=C4)=CN23      ,1
11693,CC1=CC=CC(=C1)N2C(=O)CSC23C(=O)N(CC(=O)NCC4=C(Cl)C=CC=C4)C5=C3C=CC=C5      ,1
1590,CCCCC1=CC(=O)OC2=C(C(=C(C=C12)Cl)O)CN3CCCC3      ,1
7979,ClC1=CC=C(C=C1)N2C(=O)C3=C(N=C2C4=CC=CS4)N(N=C3)C5=CC=CC=C5      ,1
9162,NC1=NON=C1N2N=NC(C(=O)NN=CC3=CC=C(Br)C=C3)=C2CSC4=NCCS4      ,1
2280,COC1=CC=C(C=C1)C(=O)CSC2=C(C#N)C3(CCCCC3)C(C#N)=C(N)N2      ,1
4803,[O-][N+](=O)C1=CC(NC(=O)COC(=O)C2=CC(=NN2C3=CC=CC=C3)C4=CC=CS4)=CC=C1Cl      ,1
2191,C1=CC=C2C(=C1)NC(=N2)CSC3=NN=C(O3)C4=CC(=CC=C4)Br      ,1
9474,O=C(NNC(=O)C1=CC=C(C=C1)C2=CC=CC=C2)C3=CC=CC=C3      ,1
7493,CC1=CC=C(C)C(NC(=O)C2CC3C4=CC=CC=C4C2C5=CC=CC=C35)=C1      ,1
2776,OC1=NC(CSC2=NN=C(COC3=CC=CC=C3)N2C4=CC=CC=C4)=NC5=CC=CC=C15      ,1
10796,CC(C)C1=CC=C(NS(=O)(=O)C2=CC=C3NC=C(C(=O)NC4CCCCC4)C(=O)C3=C2)C=C1      ,1
7447,COC1=NC(=CC(C2=CC=C(C)C=C2)=C1C#N)C3=CC=CS3      ,1
12319,CCOC(=O)C1=CC=C(N2CCN(CC2)C3=CC(Cl)=CC=C3C)C(NC(=O)NC4=CC(OC)=CC=C4)=C1      ,1
3516,CC(C)C1=CC=C(C)C=C1OCC2=NN=C(SCC(=O)NC3=NC=CS3)N2C      ,1
562,COc3ccc(NC(=O)c2nnn(Cc1cccc(F)c1)c2N)c(OC)c3      ,1
10474,COC1=CC2=C(CCC3=C2N=C(NC(=O)C4=CC=C(C)C=C4)S3)C=C1      ,1
2290,CN([C@@H](CC1=CC=C(OS(=O)(=O)C2=CC=CC3=CN=CC=C23)C=C1)C(=O)N4CCN(CC4)C5=CC=CC=C5)S(=O)(=O)C6=CC=CC7=CN=CC=C67      ,1
4863,CC1=NN(C(N2CCCC2)=C1C=NN=C(S)NC3=CC=CC=C3C(F)(F)F)C4=CC=CC=C4      ,1
12180,[O-][N+](=O)C1=CC=C(C=C1)S(=O)(=O)N2CCN3C=CC=C3C2C4=CC=C(Br)C=C4      ,1
6506,ClC1=CC=CC=C1C(=O)N2N=C(CC2C3=NC4=CC=CC=C4N3)C5=CC=C(Br)C=C5      ,1
3616,CCOC1=CC=C(NC(=O)N2CCN(CC2)C3=NC4=CC=CC=C4S3)C=C1      ,1
3486,CCN1C(SCC(=O)C2=CC=C(NS(=O)(=O)C3=CC=CC=C3)C=C2)=NN=C1C4=CC=CS4      ,1
6795,O=C(CSC1=CC=C(C=N1)C2=NC3=CC=CC=C3N2)NC4=CC=C(C=C4)S(=O)(=O)NC5CC5      ,1
1406,CN1C=C(C=C1C(=O)NCC2=CC=C(C=C2)Cl)S(=O)(=O)N3CCCCC3      ,1
12208,COC1=CC=C(C=C1)C(=O)CN2C(=O)N(C3=CC=C(C=C3)C(C)=O)S(=O)(=O)C4=C2C=CC=C4      ,1
2718,O=C(CN1C=NC2=C(C=C(S2)C3=CC=CC=C3)C1=O)NCC4=CC=CO4      ,1
5235,OC(=O)C(O)=O.CC1=CC=C(NC(=O)C(NC2CCCC3=CC=CC=C23)C4=CC=CC=C4)C(=C1)[N+]([O-])=O      ,1
1839,CCC(C(=O)NC1=NC(=C(S1)C(=O)OCC)C)OC(=O)C(CC(C)C)NC(=O)C2=CC=CC=C2      ,1
7526,CCCC1=CC=C(C=C1)C2=NNC(N)=C2      ,1
3989,COC1=CC=C(C=C1Cl)N2CC3=CC=CC=C3C2      ,1
9991,CC1=CC=C(C=C1)C2CC(=NN2C(=O)CSC3=NC4=CC=CC=C4O3)C5=CC=CS5      ,1
6921,CC1=NNC(=C1)C(=O)NN=CC2=CC(Br)=CC=C2OC(=O)C3=CC=CC=C3      ,1
9071,O=C(NC1=CC=C2C=CC=CC2=C1)C(=C/C3=CC=C(O3)N4CCCCC4)\C#N      ,1
2427,CCOC1=CC=CC=C1N2CCN(CC2)C3=NC4=CC=CC=C4N=C3C(C#N)C(=O)OCC=C      ,1
6798,CCC1=CC=CC2=CC3=C(SC(C(=O)NC4=CC=C(C=C4)S(=O)(=O)N5CCCC5)=C3N)N=C12      ,1
11530,CC(=O)C1=C(C)C(C(=O)NCCC2=CC=C(C)C=C2)=C(C)N1      ,1
12217,ClC1=CC=CC(=C1)N2C(=O)N(CC3=CC=C(C=C)C=C3)C4=C(C=CC=C4)S2(=O)=O      ,1
113,CC2Cc1ccccc1N2C(=O)CSc4nnc(NC(=O)Cc3cccs3)s4      ,1
933,O=C(CC2Oc1ccccc1NC2=O)N3CCCC3      ,1
503,CC1CCCCN1CCNC(=O)c2cnn3ccccc23      ,1
10750,COC1=CC=C(NC(C2=NN=C(O2)C3=CC=CC=C3)C4=C(F)C=CC=C4)C=C1Cl      ,1
8580,CN1C=NN=C1SC2=CC(=CC=C2[N+]([O-])=O)N3CCN(CC3)S(=O)(=O)C4=CC=C(Cl)C(Cl)=C4      ,1
5738,NC1=CC=C(Br)C2=C1C(=O)C3=CC=CC=C3C2=O      ,1
9566,COC(=O)NN=CC1=CC=C(O1)C2=CC(Cl)=C(Cl)C=C2Cl      ,1
6080,ClC1=CC=C(NC(=O)C2=CC=C3C=CC=CC3=N2)N=C1      ,1
1198,CCOc4ccc3nc(NC(=O)C2CCCN(S(=O)(=O)c1c(C)noc1C)C2)sc3c4      ,1
3268,OC1=CC(O)=NC(SC23CC4CC(CC(C4)C2)C3)=N1      ,1
7079,COC1=CC=CC(=C1)C2=CSC(=N2)N3CCN(CC3)C(S)=NC4=CC=CC=C4      ,1
5599,ON1N(C2=CC(=NO2)C3=CC=CC(Cl)=C3)C(=O)NC4=CC=CC=C14      ,1
3997,CN(C)CCCNC1=C(N=C(O1)C2=CC=C(Cl)C=C2)C#N      ,1
9760,BrC1=CC=C(C=C1)C(=O)NCC(=O)NN=CC2=CC=CN2      ,1
3901,BrC1=CC=C(O1)C(=O)NC2=NC(=CS2)C3=CC=CC=C3      ,1
8394,ClC1=CC=C(OCC2=CC=CC(=C2)C(=O)NC3=CC=CC=C3C#N)C(Cl)=C1      ,1
11517,CC1=NN(CC(=O)NC2=CC(C)=C(Br)C=C2)C(=O)C3=CC=CN13      ,1
7153,CCOC1=CC(N=C(S)NC2=CC=CC=C2)=C(OCC)C=C1NC(=O)C3=CC=CC=C3      ,1
4768,O=C(COC1=CC=CC=C1C(=O)C2=CN(N=C2)C3=CC=CC=C3)NC4=CC=C5C=CC=CC5=C4      ,1
2930,CC1=CN=C(NC(=O)C2=NN(C(=N2)C3=CC=CC=C3)C4=CC=CC=C4)S1      ,1
11110,CCOC1=CC=C(OCC)C(NC(=O)C2=C(N3C=CC=C3)N(N=C2C)C4=CC=CC=C4)=C1      ,1
10598,CC1CCN(CC1)C2=NC3=C(C=C(NC(=O)CC4=CC(C)=CC=C4)C=C3)C(C)=C2      ,1
7708,FC1=CC=CC=C1CC2=NN=C3SCC(=NN23)C4=CC=C(Cl)C=C4      ,1
249,FC(F)(F)c4ccc(NC(=O)Cn2c(=O)oc3cc(S(=O)(=O)N1CCCC1)ccc23)cc4      ,1
7017,COC1=NC=CN=C1NS(=O)(=O)C2=CC=C(NC(=S)NC(=O)\C=C\C3=CC=CC=C3)C=C2      ,1
9524,CCC(C(=O)NC1=CC=C(OC)C(Cl)=C1)C2=CC=CC=C2      ,1
8625,CC1=CC=CC=C1C2=NC(=NO2)C3=CC=C(NC(=O)C4=CC=CS4)C=C3      ,1
3471,FC1=CC=C(CN2C=C(NC(=O)C3=NOC(=C3)C4=CC=CS4)C=N2)C=C1      ,1
10274,N#C\C(=N/NC1=CC=C2C=NNC2=C1)C#N      ,1
1398,C1=CC(=CC(=C1)NC(=O)C2=CC=C(C=C2)Cl)C(=O)N/N=C/C3=CC=NC=C3      ,1
10865,BrC1=C(NC(=O)C(CC2=CC=CC=C2)NS(=O)(=O)C3=CC=CC4=NSN=C34)C=CC=C1      ,1
10373,COC1=CC=C(C=C1)C2=CC(C(=O)OC3=CC=C(Br)C=C3)=C4C=CC=CC4=N2      ,1
5909,COC1=CC2=C(C=C1OC)C3=NN=C(C3=CN2CC4=CC=CC(C)=C4)C5=CC=C(F)C=C5      ,1
6169,CCOC1=CC=C(C=C1)S(=O)(=O)NN=C2CC(OC3=CC=CC=C23)C4=CC=CC=C4      ,1
5060,COC1=CC=C(C=C1)C2=CSC(NC(=O)COC(=O)CC3=CC=C(Cl)C=C3Cl)=N2      ,1
1801,CCC(=O)NC1=NN=C(S1)SCC(=O)N2C(CC3=CC=CC=C32)C      ,1
8769,CC(CCC1=CC=CC=C1)NC(=O)C2=CC=C(NC(=O)C3=CC=C(Cl)C=C3Cl)C=C2      ,1
4036,ClC1=CC=CC=C1C2CC(=O)N3CN(CSC3=C2C#N)C4=CC=CC=C4      ,1
3182,CC(C)C(N(CC1=CC=CO1)CC2=CC3=CC=CC(C)=C3N=C2O)C4=NN=NN4CCC5=CC=CC=C5      ,1
3608,CC1=CC=C(C=C1)N2N=CC3=C2N=CN(CC(=O)NC4CCCCC4)C3=O      ,1
5937,O=C(OC1=CC=C(C=C1)N(CC2=CC=CS2)C3=NS(=O)(=O)C4=CC=CC=C34)C5=CC=CC=C5      ,1
5382,COC1=CC=C(C=C1)C2=CC(=NC(SCC(=O)C3=CC=CS3)=C2C#N)C4CC4      ,1
9111,CCOC(=O)C1=C(C)N(C)C2=CC=C(OC(=O)C3=CC=C(C=C3)[N+]([O-])=O)C=C12      ,1
1506,CC1=CC=C(C=C1)C(=O)NCCC2=C(N=C(S2)C)C      ,1
12257,FC1=CC=C(NC2=NC(SCC3=C(Cl)C=CC=C3)=NC4=C2C=CC=C4)C=C1      ,1
352,CC4CCCN(c2nc1n(C)c(=O)[nH]c(=O)c1n2CCCc3ccccc3)C4      ,1
3929,CC1=CC=C(C=C1)C(=O)NC2=NC3=CC=CC=C3N2CCN4CCCC4      ,1
5607,CC1=CC=C(CN2C(=O)C3=C(N=C2SCC(=O)NCC4CCCO4)C5=CC=CC=C5S3)C=C1      ,1
1850,COC1=CC=C(C=C1)C(=O)NCCC2=NC3=CC=CC=C3N2      ,1
5648,CN(C1CCCCC1)S(=O)(=O)C2=CC=C3OC(C(=O)NCC4COC5=CC=CC=C5O4)=C(C)C3=C2      ,1
7094,CC1=NC(SCC(=O)OCC2=CC=CC=C2)=C(C#N)C(C3=CC=CC=C3)=C1C(=O)NC4=CC=CC=C4      ,1
6382,CN1C=C(C=C1C(=O)NN=C(N)COC2=CC=CC(=C2)C(F)(F)F)C(=O)C3=CC=C(Cl)C=C3Cl      ,1
1384,CC(C1=C(C=CC(=C1Cl)F)Cl)OC2=C(N=CC(=C2)C3=CN(N=C3)C4CCNCC4)N      ,1
4993,[O-][N+](=O)C1=CC(NC(=O)COC(=O)C2=CC(=NN2C3=CC=CC=C3)C4=CC=CS4)=CC=C1F      ,1
12143,CC1=CC(=CC(C)=C1)N2C(=O)C3=C(N=C2SCC(=O)NC4=CC=C5OCCOC5=C4)C6=C(N3)C=CC=C6      ,1
6132,CC(N1C(=O)C2=CC=CC=C2C1=O)C(=O)NC3=C(C(=O)NCC4=CC=CO4)C5=C(CCCC5)S3      ,1
6144,CC1=CC(Cl)=CC=C1OCC(=O)NC2=NC(=CS2)C3=CC=CS3      ,1
10575,CC1=NC2=NC(SCC(=O)NC3CCCCC3)=NN2C(C)=C1CC4=C(Cl)C=CC=C4      ,1
10326,CCC1=CC=C(C=C1)S(=O)(=O)N(C(=O)OC2=CC=CC=C2)C3=CC=C4OC(C)=C(C(=O)OC)C4=C3      ,1
7214,COC(=O)C1=C(C)N=C2SC(C)C(=O)N2C1\C=C\C3=CC=CC=C3      ,1
4468,COC1=CC=CC(OC)=C1C(=O)NC(=S)NC2=CC(=CC=C2Cl)C3=NC4=CC=CC=C4N3      ,1
4936,CCC(CC)C1=NN=C(NC(=O)C2=CC=C(C=C2)[N+]([O-])=O)S1      ,1
2362,O=C(CSC1=NN=NN1C2=CC=C3OCCOC3=C2)NC4=NC5=C(CCCC5)S4      ,1
8632,COC(=O)C1=CC(NC(=O)CN(C2=CC=CC=C2OC)S(=O)(=O)C3=CC=CC=C3)=CC=C1Cl      ,1
5201,COC1=CC=C(NC2=CC=C(C=C2[N+]([O-])=O)S(=O)(=O)N3CCCCC3)C=C1Cl      ,1
1867,CC1=C(C=CC=C1[N+](=O)[O-])C(=O)N[C@@H](CCSC)C2=NC3=CC=CC=C3N2      ,1
2350,O=C(CSC1=NN=C(NC(=O)CC2=CC=CS2)S1)NC3CCCCC3      ,1
3538,ClC1=CC=CC(=C1)N2CCN(CC2)C(=O)CN3C=CC4=CC=CC=C4C3=O      ,1
5040,CC1=C(N2C=CC=CC2=C1C=NNC(=O)CNC3=CC=CC=C3)C(=O)C4=CC=C(Cl)C=C4      ,1
1579,C1COC(=CO1)C(=O)NC2=CC(=O)/C(=C\3/NC4=CC=CC=C4S3)/C=C2      ,1
4219,CCCC(=O)NC1=CC=C(C=C1)C(=O)\C=C\C2=CC=C(SC)C=C2      ,1
11111,CC1=CC=CC(CN2C(SCC3=CC=C(C=C3)C(=O)NCC4=CC=CS4)=NC5=C2C=NC=C5)=C1      ,1
4877,CC1CCCC(NC(=O)COC(=O)CC2=C(N=C(N)S2)C3=CC=C(C)C=C3)C1C      ,1
6888,CC1=NN(C2=C1C(N3C4=CC=CC=C4N=C(NC5=CC=C(C)C=C5)C3=N2)C6=CC=C(O)C(O)=C6)C7=CC=CC=C7      ,1
10042,FC1=CC=C(CSC2=CC=C(N=N2)C3=CC=C4OCOC4=C3)C=C1      ,1
9809,CCCCC(=O)NC(NC(=O)CCCC)C1=CC=C(OCCC)C(OC)=C1      ,1
2170,CC1CCCCN1C(=O)CSC2=NC3=C(C4=C(N3C)C=CC(=C4)OC)N=N2      ,1
11138,FC1=CC(F)=C(NC(=O)CN2C(=O)OC3=C2C=CC(=C3)S(=O)(=O)N4CCCCCC4)C=C1      ,1
4883,BrC1=CC=CC(=C1)C2=CSC(NC(=O)CSC3=NC4=CC=CC=C4N3)=N2      ,1
1786,C1C(=O)N(C(S1)C2=CN(N=C2C3=CC4=CC=CC=C4OC3=O)C5=CC=CC=C5)CC6=CC=CO6      ,1
7496,CC1=C(SC(NC(=O)C2=CC=CC(C)=C2)=N1)C(=O)NC3=CC=C4CCCC4=C3      ,1
2228,C1=CC=C(C=C1)C2=NC3=C(N=C2N)N=C(N=C3N)N      ,1
1946,CC1=NN=C(S1)NC(=O)CSC2=NC3=C(C(=O)N2C4=CC=CC=C4OC)SCC3      ,1
5124,CN(C1=CC=CC=C1)S(=O)(=O)C2=CC=C(Cl)C(=C2)C(=O)NCCC3=CNC4=CC=CC=C34      ,1
2880,CC1=CC=C(\C=C\S(=O)(=O)N2CCC(CC2)C(O)=O)C=C1      ,1
254,Clc4ccc(n3c(=O)cc(N2CCc1ccccc1C2)[nH]c3=O)cc4      ,1
11424,O=C(CSC1=NC2=C(S1)C=C(NC(=O)C3=CC=CC=C3)C=C2)N4CCCC5=C4C=CC=C5      ,1
6337,COC1=CC=C(\C=C2/CCCC3C(N(N=C23)C(=O)C4=C(C)N=CS4)C5=CC=C(OC)C=C5)C=C1      ,1
1573,COC1=CC=C(C=C1)C2=CN=NN2C3=CC=C(C=C3)NC(=O)/C=C/C4=CC(=C(C=C4)OC)OC      ,1
10119,FC1=CC(=CC=C1)C(=O)N2CCC3(CCCN(C3)C4=CC(=CC=C4)C5=CC=CC=C5)CC2      ,1
3144,CCSC1=C(C#N)C(CC(=O)N1)C2=CC=CC(OC)=C2      ,1
2279,CC1=NN2C(NC3=CC=CC=C3C2=C1)C4=CN(N=C4C)C5=CC=CC=C5      ,1
1292,C1=CC(=O)C=CC1=NNC2=CC=C(C=C2)Br      ,1
9966,CC1=CC=C(NC(=O)\C=C\C2=CC=C(S2)[N+]([O-])=O)C(C)=C1      ,1
10257,COC.OCC1O[C@H](OC2=C(O)C=C3OC(=O)C=CC3=C2)C(O)C(O)C1O      ,1
3710,N#CC(=C1SC=CS1)C2=NC(=CS2)C3=CC=CC=C3      ,1
3497,O=C1SC(=N\C1=C\C2=CC=CO2)C3=CC=CC=C3      ,1
5411,CN(C1=CC=C(OCC(=O)NC2=NC3=CC=CC=C3S2)C=C1)S(=O)(=O)C4=CC=C(C)C=C4      ,1
1748,CC1=CC2=C(C=C1)N3CCN(C4C3=C(C2=O)CC4)C(=O)CCl      ,1
5750,CCCCCCCCC1=NN=C(NC(=O)C2=CC=CO2)S1      ,1
566,NC(=O)c3cccc(S(=O)(=O)N2CC(c1ccccc1)CC2=O)c3      ,1
1620,C1CC2=C(C1)C(=O)OC3=C(C(=C(C=C23)Cl)O)CN4CCOCC4      ,1
6069,BrC1=CC=CC(=C1)C(=C/C2=CC=C(O2)SC3=NC4=CC=CC=C4N3)\C#N      ,1
3787,CN1C2=C(N(CCSC3=NC4=CC=CC=C4S3)C(=N2)N5CCN(CCO)CC5)C(=O)NC1=O      ,1
8392,CC1=CC=CC(OCC2=CC=C(C=C2)C(=O)NC3=CC=C(F)C=C3)=C1      ,1
11624,CC1=C(CSC2=CC=CC=C2)N=C(O1)C3=CC=C(C=C3)C(=O)NC4=C(C)C(C)=CC=C4      ,1
5038,CC1=CC=CC(NC2=NN=C(SCC(=O)C3=CC=C(Br)S3)S2)=C1C      ,1
9264,FC(F)(F)C1=CC=C2SC3=CC=CC=C3N(C(=O)CN4C(=O)C5=CC=CC=C5C4=O)C2=C1      ,1
10462,CCOC1=C(NC2=NC(=C(CC(O)=O)S2)C3=CC=C(C)C=C3)C=CC=C1      ,1
2396,CCC1=NN=C(NC(=O)C2=CC=C(C=C2)S(=O)(=O)N3CCN(CC4=CC=CC=C4)CC3)S1      ,1
4343,COC1=CC=C(OC2=NC(=NC=C2S(=O)(=O)C3=CC=CC=C3)C4=CC=CC=C4)C=C1      ,1
4142,CC1=CC2=CC(C(N3CCC4=CC=CC=C34)C5=NN=NN5CC6=CC=CC=C6)=C(O)N=C2C=C1C      ,1
7120,O=C(NCC1=CC=CS1)C(=C\C2=CN(CC3=CC=CC=C3C#N)C4=CC=CC=C24)\C#N      ,1
2763,CC1=C(SC(=C1)C(=O)NCCCN2C=CN=C2)C3=CC=CC=C3      ,1
9077,FC1=CC=CC=C1C(=O)NCC(=O)NN=CC2=CC(Br)=CC=C2OCC3=CC=CC=C3      ,1
1079,CC(=O)n2cc(c1ccncc1)c3ccccc23      ,1
12078,CSC1=CC=C(CNC(=O)C2=CC=C(NC(=O)C3=NSC4=C3C=CC=C4)C=C2)C=C1      ,1
4921,ClC1=CC=C(N=C1)N2C(=O)\C(=C\NC3=NN=C(CC4=CC=CC=C4)S3)C5=CC=CC=C5C2=O      ,1
2072,CC1=CC(=O)OC2=C3CCCNC3=C(C=C12)C      ,1
11795,COC1=CC(C(=O)CSC2=NC3=C(C=N2)S(=O)(=O)N(CC4=C(C)C=CC=C4)C5=C3C=CC=C5)=C(OC)C=C1      ,1
8433,CC1=CC=C2C(C)=NC(SC(C(=O)C3=CC=CC=C3)C4=CC=CC=C4)=NC2=C1      ,1
12218,COC1=CC=C(CNC(=O)C2=C(NC3=C(C)C=CC=C3)SC(C(=O)C4=CC=CC=C4)=C2N)C=C1      ,1
5399,CSCCC(NS(=O)(=O)C1=CC=C2C=CC=CC2=C1)C(=O)OCC(=O)C3=CC=C(C=C3)C(C)C      ,1
8237,O=C(CNC(=O)C1=CC=C(C=C1)N2C(=O)C3=CC=CC=C3C2=O)OCC(=O)C4=CC=CC5=CC=CC=C45      ,1
6362,COC1=CC=C(C(OC)=C1)C2=CC(C(=O)NN=CC3=CC=C4OCOC4=C3)=C5C=CC=CC5=N2      ,1
5636,OC1=C(C=NC2=CC=C3C=CC=CC3=C2)N=C(O1)\C=C\C4=CC=CC(=C4)[N+]([O-])=O      ,1
8558,CC1=CN2C(S1)=NC(=O)\C(=C/C3=CC=C(O3)SC4=CC=C(C)C=C4)C2=N      ,1
1462,COC1=CC2=C(C=C1)C=C(C=C2)C(=O)NN/C=C\3/C(=O)C4=CC=CC=C4S3      ,1
3967,CCCCOC(=O)NC1=NC2=CC=C(OC)C=C2S1      ,1
11389,COC1=CC=C(C=C1)N2CCN(CC2)C3=C(N=C(O3)C4=CC=C(COC5=CC(C)=CC=C5)O4)C#N      ,1
11753,CCN(C1=CC=C(OC)C=C1)S(=O)(=O)C2=CC=C3NC4=C(CCCCC4)C3=C2      ,1
2032,C1=CC(=CC(=C1)OC(=O)C2=CC=CS2)/C=C/3\C(=O)NN(C3=O)C4=CC(=C(C=C4)Cl)Cl      ,1
3695,CC1=CC=C(C=C1)C2=CSC(NC(=O)CSC3=NN(C=N3)C4=CC=CC=C4)=N2      ,1
1357,CC12CCC3C(C1CCC2O)C(CC4=C3C=CC(=C4)O)CCCCCCCCCS(=O)CCCC(C(F)(F)F)(F)F      ,1
3297,O=C(NCCC1=CC=CC=C1)C(C#N)C2=NC3=CC=CC=C3N=C2N4CCCCC4      ,1
5941,CCOC(=O)C1=C(N)OC2=C(C1C3=CC=CC=C3)C(O)=NC4=CC=CC=C24      ,1
8601,BrC1=CC=C(C=C1)C2=CC=C(O2)C(=O)NC34CC5CC(CC(C5)C3)C4      ,1
10621,COC1=CC=C(C=C1)C2=C(SCCNC(=O)C3=CC=C(C=C3)S(=O)(=O)N(C)C)C4=C(N2)C=CC=C4      ,1
3141,CCOC1=CC(=CC=C1O)C2=CC(=NC(N)=C2C#N)C3=CC=C(N)C=C3      ,1
7796,ClC1=CC(Cl)=C2N=CN=C(OCC(=O)NC3CCCCCC3)C2=C1      ,1
1936,CC1=CC(=C(C=C1)C)S(=O)(=O)ON2C(=O)C3=CC=CC=C3C2=O      ,1
8240,O=C(CC1=CC=CC=C1)NCC(=O)OCC(=O)C2=CC=C(OC(=O)C3=CC=CC=C3)C=C2      ,1
11688,COC1=C(Cl)C=C(C=C1)N2C(=O)CSC23C(=O)N(CC4=C(F)C=CC=C4)C5=C3C=CC=C5      ,1
2392,CC(C)N1C\C(=C/C2=CC=CN=C2)C3=C(C1)C(C4=CC=CN=C4)C(C#N)=C(N)O3      ,1
3429,CCCSC1=NC2=C(SCC2)C(=O)N1C3=CC=C(OCC)C=C3      ,1
3731,O=C(OC1=CC=C(C=C1)C2=NC(=NO2)C3=CC=CC=N3)C4=CC=CC=C4      ,1
8815,COC(=O)C1=C(C)C2=C(S1)N=C(SCC3=CC=CC(Cl)=C3)N(N)C2=O      ,1
5960,OC(=O)C1=CC=CC=C1NC(=O)C2=CC=C(NC(=O)C3=CC=C(Br)O3)C=C2      ,1
376,CCN(CC)CCNC(=O)c2cn(CC)c1ccc(S(=O)(=O)N(C)C)cc1c2=O      ,1
10350,CCCCS(=O)(=O)C1=C(C#N)C(=CC(=N1)C2=CC=C(Br)C=C2)C3=CC=CC=C3      ,1
4377,CC(=O)C1=CC=C(N2CCC(CC2)C3=NNC(=C3)C4=CC=C(Cl)C=C4Cl)C(=C1)[N+]([O-])=O      ,1
8346,CCC1=CC=CC(CC)=C1NC(=O)C2=CC=CC=C2CCC3=CC=CC=C3      ,1
11850,CC1=C(C)C2=CC(=CC=C2N1CC3=CC=C(F)C=C3)C(=O)N4CCN(CC4)C5=CC=C(F)C=C5      ,1
2115,CSC1=NC2=C(C(=N1)N(CCO)CCO)SC3=NC(=C4CCCC4=C23)C5=CC=CO5      ,1
12202,CN1C2=C(SC3=C(C=CC=C3)C1=O)C=CC(NC(=O)COC4=CC=C(Cl)C=C4)=C2      ,1
9948,Br.N=C1SC=C(N1N=CC2=CC=CO2)C3=CC=CC=C3      ,1
11941,ClC1=CC=C(CN2CCC3=C(C2)C=NC(NC4=CC=C5OCCOC5=C4)=N3)C=C1      ,1
1042,Oc2nc(SCC(=O)N1CCCCC1)nc3ccccc23      ,1
278,O=C(Cc1cccs1)Nc3ccc(S(=O)(=O)N2CCCCC2)cc3      ,1
8532,CCN1C2=CC=CC=C2C3=CC(NC(=O)C4=CC=CC(OC)=C4OC)=CC=C13      ,1
3654,CCC1=CC=C(N\C(SCC2=CC=CC(F)=C2)=C(\C#N)C(=O)NCC3=CC=CO3)C=C1      ,1
9927,CC1=CC=CC(NC2=NC3=C(N=NN3C4=CC=CC=C24)S(=O)(=O)C5=CC=CC=C5)=C1C      ,1
4642,ClC1=CC=CC=C1CC2=CN=C(S2)N3C(=N)SC(C3=O)C4=CC=CC=C4      ,1
5633,CC1=CC=CC=C1C2=NC(=NO2)C3=CC=C(NC(=O)C4=CC=C(Br)O4)C=C3      ,1
8644,CC1=C(Cl)C=CC=C1NC(=O)C2=CC=C(OCC(=O)NCC3=CC=CC=C3)C=C2      ,1
2457,CSC1=NC(=CC(C2=CC=CC=C2)=C1C#N)C3=CC=CO3      ,1
2295,OC1=NC2=CC=CC=C2C(O)=C1C(=O)NCC3CCCO3      ,1
9908,FC1=CC=CC2=C1N=C(NC3=NC4=CC5=C(OCO5)C=C4S3)S2      ,1
1761,CCCN1C2=CC=CC=C2N=C1SCC(=O)N3CC(=O)NC4=CC=CC=C43      ,1
1855,C1=CC=C(C=C1)C[C@@H](C2=NC3=CC=CC=C3N2)NC(=O)COC4=CC(=CC=C4)F      ,1
7457,CC1=CC=C(C=C1)S(=O)(=O)CCC2=NN=C(NC(=O)C3=CC=CS3)S2      ,1
12589,COC1=CC=C(COC2=CC(=NC3=C2C=C(N)C=C3)C4=CC(OC)=CC=C4)C=C1      ,1
4916,CCC(CC)=NNC1=CC=CC(=C1)[N+]([O-])=O      ,1
11416,CC1=C(NC(=O)CSC2=NC3=C(S2)C=C(NC(=O)COC4=C(F)C=CC=C4)C=C3)C=CC=C1      ,1
3409,FC(F)(F)C1=CC(=NC2=C(Br)C(=NN12)C(=O)NC3CCCCC3)C4=CC=CO4      ,1
1618,CCCC1=CC(=O)OC2=C1C=CC(=C2CN3CCCC3)O      ,1
793,CN4CCN(C(=O)C3CCN(S(=O)(=O)c2ccc1n(C)c(=O)oc1c2)CC3)CC4      ,1
11000,CC1=CC=C(CN2C(=CC3=C2C=CS3)C(=O)NCC4=C(Cl)C=CC=C4)C=C1      ,1
2207,C1=CN=CC=C1CSSCC2=CC=NC=C2      ,1
8829,CSC1=NC=C(Cl)C(=N1)C(=O)NC2=CC=CC=C2Cl      ,1
2109,CN1C2=C(C=C(C1=N)S(=O)(=O)C3=CC=C(C=C3)F)C(=O)N4C=CC=CC4=N2      ,1
6096,CC1=CC(=CC=C1NC(=S)NC(=O)C(C2=CC=CC=C2)C3=CC=CC=C3)[N+]([O-])=O      ,1
11675,CN(CC1=CC=C(F)C=C1)S(=O)(=O)C2=NN=C(NC(=O)C3=CC=C(C)C=C3)S2      ,1
4778,CC1=CC=C(NC(=O)COC(=O)C2=CC=CC=C2NC3=CC=CC=C3)C=C1      ,1
3717,CC1=CC(C(=O)COC2=CC=C3C=CC(=O)OC3=C2)=C(C)N1CC4=CC=CS4      ,1
7592,O=C(CSC1=NN(C(=S)S1)C2=CC=CC=C2)NC(=O)NCC3=CC=CO3      ,1
50,CCCC(c1cc(C(C)(C)C)c(O)cc1C)c2cc(C(C)(C)C)c(O)cc2C      ,1
6521,[O-][N+](=O)C1=CC=C(O1)C=NNC(=O)C2=CC(=NC3=CC=CC=C23)C4=CC=CC(Br)=C4      ,1
2382,CC1CC2=CC=CC=C2N1C3=NC=NC4=C3N=NN4CC5=CC=CC=C5      ,1
6038,CC1=CC=C(O1)C2N3C(=O)C(SC3=NC(C)=C2C(=O)NC4=CC=CC=C4)=CC5=CC=CC=C5      ,1
5799,Br.C1CC2=CC=CC=C2C3=CC(=CN13)C4=CC=CC=C4      ,1
6327,CC1=CC=C(NC2=[N+]([O-])N(N=C2[N+]([O-])=O)C3=CC=CC=C3)C(C)=C1      ,1
10683,CC1=CC(NC(=O)C2=NOC(=C2)C3=CC=C(F)C=C3)=NN1CC4=CC=C(Cl)C=C4      ,1
10159,[O-]C(=O)C(F)(F)F.[O-]C(=O)C(F)(F)F.C1NC2=CC=[N+](CC3=CC=CC(C[N+]4=CC=C(NCC5=CC=C1C=C5)C6=C4C=CC=C6)=C3)C7=CC=CC=C27      ,1
3973,CCC(SC1=NN=NN1C2=CC=CC=C2)C(=O)NC3=NC4=CC=CC=C4S3      ,1
5819,O=C(CN1C=C(C#N)C2=CC=CC=C12)N3CCCC4=CC=CC=C34      ,1
9533,ClC1=CC=C(\C=C\C(=O)NC2=CC=CC=C2N3CCOCC3)C=C1      ,1
10123,OC[C@@H]1O[C@@H](OC2=CC3=C(OC(=O)C=C3)C=C2O)[C@H](O)[C@H](O)[C@@H]1O      ,1
757,CC(C)C(NS(=O)(=O)c2ccc1nc(C)sc1c2)C(=O)Nc3nccs3      ,1
652,CC(C)OC(\O)=C4\C(c1c[nH]c2ccccc12)n3ncnc3N=C4C      ,1
11955,CCOC(=O)CC1=CC=C(NC(=O)N2CCC3=C(SC4=C3CCCC4)C2C5=CC=C(F)C=C5)C=C1      ,1
10196,N[C@@H](CCC(=O)N[C@@H](CSCC(=O)C1=CC=C(C=C1)N=[N+]=[N-])C(=O)NCC(O)=O)C(O)=O      ,1
1745,CC1=C(C=CC(=C1)Cl)OC(C)C(=O)NC2=CC=C(C=C2)S(=O)(=O)NC3=NC4=CC=CC=C4N=C3      ,1
11159,CC(C)C1=CC=C(NC(=O)N2CCN(CC2)C3=CC(Cl)=C(Cl)C=C3)C=C1      ,1
6512,CC1=CC=CC=C1C2C(C#N)=C3N=C(N)C4=C(SC5=C4CCCCC5)N3C6=C2C(=O)CC(C)(C)C6      ,1
1337,C1CC(CNC1)C=C2C3=CC=CC=C3C4=CC=CC=C42      ,1
9113,CC(=O)C1=CC=CC(NS(=O)(=O)C2=CC=C(N\C=C\C(=O)C3=CC=C(F)C=C3)C=C2)=C1      ,1
5078,CSC1=CC=C(\C=C(/C#N)C(=O)NC2=CC=CC(C)=C2)C=C1      ,1
9146,[O-][N+](=O)C1=CC=C2NC(SCC3=CN4C=C(Cl)C=CC4=N3)=NC2=C1      ,1
4275,CCC(SC1=N\C(=C\C2=CC=CC=C2OC)C(=O)N1C3=CC=CC=C3)C(=O)NC4=NOC(C)=C4      ,1
10958,CC1=CC=C(C=C1)S(=O)(=O)C2=CN(CC(=O)NC3=CC(C)=CC=C3)C4=C(C=C5OCOC5=C4)C2=O      ,1
312,COc3ccc(OC)c(NC(=O)c2cc(c1cc(Cl)ccc1O)[nH]n2)c3      ,1
6328,CC(C)NC(=O)C1=CC=C(O1)C2=CC(=CC=C2Cl)C(F)(F)F      ,1
3490,CC1=CC(NS(=O)(=O)C2=CC=C(NC(=O)COC3=CC=CC=C3Cl)C=C2)=NO1      ,1
10847,CCOC(=O)C1=CC=C(C=C1)N2C(C3=C(NN=C3C4=CC=C(OC)C=C4)C2=O)C5=CC(O)=CC=C5      ,1
11645,CC(N1C=CC2=C1C=CC(=C2)S(=O)(=O)N3CCCCC3)C(=O)NCC4=C(Cl)C=CC=C4      ,1
2183,COCCCN1C2=C(C=C(C1=N)C(=O)NCC3CCCO3)C(=O)N4C=CC=CC4=N2      ,1
11294,CCC1=CC2=C(NC(=NC(=N2)C3=CN=CC=C3)C4=CC=C(C=C4)C(C)(C)C)C=C1      ,1
5716,CC1CCN(CC1)C2=CC(C)=C3C(O)=CC=CC3=N2      ,1
2326,CCC1=CC=C2N=C(O)C(CN(CCN3CCCC3)C(=O)NC4CCCCC4)=CC2=C1      ,1
4110,CC1=CC=C(C=C1)C(=O)C(NC(=O)C2=CC=CO2)NC3=C(C(N)=O)C4=C(CCCC4)S3      ,1
11246,CCN1C(C(=O)C2=CC=CC=C2)=C(OC(=O)C3=CC=C(Cl)C=C3)C4=C(C=CC=C4)S1(=O)=O      ,1
2358,CCC1=NN=C(NC(=O)C2=CC=C(C=C2)S(=O)(=O)NC3CCCCC3)S1      ,1
4477,FC1=CC=CC=C1C2=CC=C(O2)C=NNC3=NC4=CC=CC=C4N3      ,1
10120,OC1=CC2=C(C(O)=C1)C(=O)C(O)=C(O2)C3=CC(O)=C(O)C(O)=C3      ,1
2631,CCOC(=O)C1CCN(CC1)S(=O)(=O)C2=C(C)N=C(O)N=C2O      ,1
1791,CN1CCN(CC1)C2=NC=C3C(=N2)N(C(=O)C(=N3)C4=CC=CC=C4)C5CC5      ,1
11376,COC1=CC=C(NC2=C(N=C(O2)C3=CC=C(COC4=CC=CC=C4)O3)C#N)C=C1      ,1
9986,O=C(NC1=NC(=CS1)C2=CC=C(OC3=CC=CC=C3)C=C2)C4=COCCO4      ,1
2844,NN1C(=O)C2=C(SC3=C2CCCC3)N=C1C4=CC=CS4      ,1
1449,COC(=O)C1=C(C=CC(=C1)Cl)NC(=O)CSC2=NC=C(C(=O)N2)S(=O)(=O)C3=CC=C(C=C3)Br      ,1
6996,OC1=CC=C(C=C1C=NN=C2C3=CC=CC=C3C4=CC=CC=C24)[N+]([O-])=O      ,1
11372,COC1=C(CN(CC2=CC=CO2)C3=CN=C(N=C3C(=O)NC4=C(C)C=CC(C)=C4)S(C)(=O)=O)C=CC=C1      ,1
10741,COC1=C(NC(C2=NN=C(O2)C3=CC(F)=CC=C3)C4=CC=C(Cl)C=C4)C=CC=C1      ,1
3803,CC1CC2=C(S1)C(=O)N(CC3=CC=CC=C3)C(SCC(=O)NC4=NC=CS4)=N2      ,1
9708,ON1C(NC2=CC=CC=C2C1=O)C3=CC=C(O3)C4=CC=CC(=C4)[N+]([O-])=O      ,1
10092,COC1=CC=CC(CN2C(=O)C(=NC3=C2N=C(N=C3)N4CCNCC4)C5=CC=CS5)=C1      ,1
11418,CC1=CC=C(NC(=O)CSC2=NC3=C(S2)C=C(NC(=O)C4=CC=CS4)C=C3)C=C1      ,1
7217,COC1=CC=C(C=C1)[C@H]2[C@@H](N3N=CC4=CC=CC=C4C3[C@]25N=C(OC5=O)C6=CC=CC=C6)C(=O)C(C)(C)C      ,1
11238,CC1=C(C(=O)NC2=C(C)C=C(C)C=C2)C3=C(CN4CCCCCC4)C(O)=CC=C3O1      ,1
9695,FC1=CC=C(C=C1)S(=O)(=O)N2CCCOC2CNC(=O)C(=O)NCCC3=CNC4=CC=CC=C34      ,1
5617,CC1CCCN(C1)C(=O)C2=CC=C3C(=O)N(CC4=CC=C5OCOC5=C4)C(=S)NC3=C2      ,1
1262,CN(C)CCCN1C2=CC=CC=C2SC3=C1C=C(C=C3)Cl      ,1
8509,CCC(CC)C1=NN=C(NC(=O)C2=CC(=NC3=CC=CC=C23)C4=CC=CC=C4)S1      ,1
12327,O=C(NC1CCCC1)C2=CC=C3SC4=C(C=CC=C4)C(=O)N(CC5=CC=CC=C5)C3=C2      ,1
12383,ClC1=CC=CC(CN2C3=CC(=CC=C3S(=O)(=O)C4=C(C=CC=C4)C2=O)C(=O)NC5CCCCC5)=C1      ,1
2942,O=C(CCN1C(=O)C2=CC=CC=C2C1=O)NC3=CC=C(C=C3)C4=CN5C=CSC5=N4      ,1
4449,CCC1=NN=C(NC(=O)CCC(=O)NC2CCCC3=CC=CC=C23)S1      ,1
9190,CCOC(=O)C(SC1=NN=NN1C2=CC=C(C)C=C2)=NNC3=CC=C(Cl)C=C3      ,1
10261,COC1=CC=C(C(=O)CCN(C)C)C2=C1C=CC=C2      ,1
6301,ClC1=CC=CC(Cl)=C1\C=C\C(=O)N2CCN(CC2)C3=NC=CC=N3      ,1
2112,CC1=C(C=C(C=C1)S(=O)(=O)C2=CC3=C(N=C4C=CC=CN4C3=O)N(C2=N)CC5CCCO5)C      ,1
10160,C[C@H]([C@H]1C[C@]1(C)[C@H](NC(=O)OCC2=CC=CC=C2)C3=CC=CC=C3)C(=O)NC4=CC=C5C=CC=CC5=C4      ,1
2952,O=C(N1CCN(CC1)S(=O)(=O)C2=CC=C3C=CC=CC3=C2)C4=C5C=CC=CC5=NN4      ,1
314,COc1ccccc1Oc4ccc3c(=O)n(c2ccc(O)cc2)c(=O)c3c4      ,1
2782,BrC1=CC=C(O1)C(=O)NC2=CC=C(C=C2)N3CCN(CC3)C(=O)C4=CC=CC=C4      ,1
6615,COC1=CC=C(C=NNC(=O)C2=CC=CC(=C2)[N+]([O-])=O)C=C1OS(=O)(=O)C3=CC=C(C)C=C3      ,1
11496,CC1=C(C2=CC=C(C)C=C2)S(=O)(=O)N=C1N3CCN(CC3)C4=CC=CC=C4      ,1
722,CCN(CC)S(=O)(=O)c2ccc(C(=O)OCCN1C(=O)CCC1=O)cc2      ,1
267,CC(=O)Cc3nsc(NC(=O)c2cc(c1cccc(C(F)(F)F)c1)oc2C)n3      ,1
6724,CC1(C)C2CCC1(C)C(=O)N(CSC(S)=NN=CC3=CC=CC=C3O)C2=O      ,1
14,OC(=O)c4cc(c1ccc(Cl)cc1)nc(c3ccc(Sc2ccc(Cl)cc2)cc3)c4      ,1
8941,OC1=C(CC=C)C=CC=C1C=NNC(=O)CNC2=CC=CC3=CC=CC=C23      ,1
3265,CC(C)COC1=NC2=CC=CC=C2N=C1C(C#N)C(=O)NC3CCCCC3      ,1
8027,O=C(NC(=S)NC1=NC(=CS1)C2=CC=CC=C2)C3=CC=CS3      ,1
4522,CN(C)C1=CC=C(C=C1)C(CNC(=O)C2=CC=CC=C2F)C3=CNC4=CC=CC=C34      ,1
10555,CC1=C(C)C=C(C=C1)C(=O)N2CC(=O)NC3=C(C=C(Br)C=C3)C2C4=CC=C(F)C=C4      ,1
12286,CCC1=CC=C(NC(=O)C2=CC=C(F)C(=C2)S(=O)(=O)N3CCC4=C(C3)C=CC=C4)C=C1      ,1
3736,CS(=O)(=O)N1CCC(CC1)C(=O)NC2=CC=C(OCC3=CC=CC=C3)C=C2      ,1
1476,CCOC(=O)N1C2C=C([C@@H]2[C@H]3N1C(=O)C3)C      ,1
6378,CN1N=C(C(C=NOC(=O)C2=CC=CC=C2)=C1SC3=CC=C(Cl)C=C3)C(F)(F)F      ,1
9581,BrC1=CC=CC(=C1)C2=CC(C(=O)NC3=NCCS3)=C4C=CC=CC4=N2      ,1
7093,ClC1=CC=C(CSC2=NN=C(O2)C3=CC=CC=C3NC(=O)C4=CC=CC=C4)C=C1      ,1
4144,CC1=CC=C2C=C(C(N3CCC4=CC=CC=C34)C5=NN=NN5CC6=CC=CC=C6)C(O)=NC2=C1      ,1
8765,COC1=CC=C(C=C1)C(=O)NCC2=CC=C(C=C2)C3=NC4=CC=CC=C4S3      ,1
11470,COC1=CC(=CC(OC)=C1OC)C2=NOC(=N2)C3=CC=C(NCC4=CC=CC=C4)C(=C3)[N+]([O-])=O      ,1
11327,CC1=CC=C(C=C1NS(=O)(=O)C2=CC(C)=C(C)C=C2C)C3=CN4C=CC=CC4=N3      ,1
650,Cc4ccc(c3csc(N2CCC(N1CCCCC1)(C(N)=O)CC2)n3)cc4      ,1
1110,CC(C)CCOC(=O)C2C4OC3(CN(Cc1cccs1)C(=O)C23)C=C4      ,1
12262,COC1=C(CNC2=NC=NC3=C2C(=CN3C4=CC(C)=CC=C4)C5=CC=CC=C5)C=CC=C1      ,1
1315,CC1=CC(=CC(=C1NC2=NC(=NC=C2)NC3=CC=C(C=C3)C#N)C)C=CC#N      ,1
10695,CC1=C(C)C2=C(S1)N(CC(=O)C3=CC=C(Cl)C=C3)C(=O)N(C2=O)C4=CC=CC=C4      ,1
6155,CCC(C)NC(=O)C1=CC=CC=C1NC(=O)NC2=CC=CC=C2      ,1
4699,CCOC(=O)C1=C(C)C=C(NC(=O)C2=CC=CC(=C2)S(=O)(=O)N3C(C)CC4=CC=CC=C34)S1      ,1
1669,C1=CC=C(C=C1)C(C(=O)NC2=C(C=CC(=C2)C(F)(F)F)Cl)OC(=O)CNC(=O)C3=CC=CC=C3F      ,1
6156,CS(=O)(=O)C1=NC(=CC(C2=CC=CC=C2)=C1C#N)C3=CC=CC=C3      ,1
730,CN(CC(=O)N2CCc1ccccc1C2)S(=O)(=O)c4ccc3n(C)c(=O)n(C)c(=O)c3c4      ,1
9926,COC1=CC=C(C=C1)C2=C(SCC(=O)NC3=NC=CS3)N=C(N2)C4=CC=C(C)C=C4      ,1
8823,CC1=C(NC(=O)C2=NNC=N2)C=CC=C1C3=NC4=CC=CC=C4S3      ,1
3016,O=C(NC1=NN=C(S1)C2CCCO2)C3=CC=CS3      ,1
8255,O=C(NN=CC1=CC=CS1)C2=CC=CC3=C2NC=C3      ,1
5465,ClC1=CN=C(NC(=O)COC(=O)C2=CC=CC(=C2)S(=O)(=O)N3CCC4=CC=CC=C34)C(Cl)=C1      ,1
8312,[O-][N+](=O)C1=CC=CC(NC(=O)C2=CC=C(CSC3=CC=CC=C3)C=C2)=C1      ,1
888,Cc3ccc(S(=O)(=O)C2(C(=O)Nc1cccnc1)CC2)cc3      ,1
6954,CC1=CC=C(NC(=O)CCC(=O)NNC(=O)C(C2=CC=CC=C2)C3=CC=CC=C3)C(C)=C1      ,1
2893,CC1=CC2=C(C=C1C)C(CN3CCCC4=CC=CC=C34)=CC(=O)O2      ,1
421,CCn3c(=O)c2cc(C(=O)N1CCOCC1)sc2c4ccccc34      ,1
5629,CCC1=CC=C(C=C1)C2=CC(N3N=CN=C3N2)C4=CC(Br)=CC=C4F      ,1
1712,CCOC(=O)CC1C(=O)NCCN1C(=O)C2=CC3=C(S2)N=C4C=CC=CN4C3=O      ,1
4720,ClC1=CC=CC(NC(=O)NC2=CC(=CC=C2Cl)S(=O)(=O)N3CCCCC3)=C1      ,1
5681,CC1=CC=C(CNC2=NC3=CC=C(C)C=C3N4C=NN=C24)C=C1      ,1
3374,COC1=CC=C(C=C1)N2CCN(CC3=CC(=O)OC4=CC=C(Cl)C=C34)CC2      ,1
8491,CCOC1=CC=C(C=C1)C2=CC(C(=O)NC3=CC=C4OCCOC4=C3)=C5C=CC=CC5=N2      ,1
4673,CC(C)C1CCC(C)CC1OC(=O)COC(=O)C2=CC=CC=C2N      ,1
5972,ClC1=CC=C(Cl)C(=C1)N2CCN(CC2)S(=O)(=O)C3=CC=C4OC(=O)C=CC4=C3      ,1
4116,COC1=CC=C2NC3=NC(SCC(=O)NC4=CC=C5OCOC5=C4)=NN=C3C2=C1      ,1
10910,COC1=C(CN2N=NC(C(=O)NC3=C(C)C=C(C)C=C3)=C2N)C=C(Br)C=C1      ,1
8977,CC1=CC=C(C=C1)N=NC2=CC=C(O)C3=NC=CC=C23      ,1
10997,CC1=CC=C(Cl)C=C1N2CCN(CC2)C(=O)C3=CC=C4SCCN(CC5=CC=CC=C5)C4=C3      ,1
9543,COC1=CC=C(Br)C=C1C(=O)NC2=CC=CC(C)=C2C      ,1
2117,C1CC(=O)N(C1)CCCNC2=NC=NC3=C2NC4=C3C=C(C=C4)Cl      ,1
11817,FC(F)(F)C1=CC=CC(NC(=O)N2CC3CCCN3C4=C2C=CC=C4)=C1      ,1
512,CC(C)N(Cc2nc(c1ccccc1)no2)C(=O)COc3ccccc3      ,1
10138,ClC1=CC=CC(Cl)=C1N=C2NCCN2      ,1
5071,COC1=CC=C2C(SC(C(=O)NN=CC3=C(C)NC4=CC=CC=C34)=C2Cl)=C1      ,1
3937,COC1=CC=C(N(CC(=O)NC2=CC=C3OCOC3=C2)S(=O)(=O)C4=CC=CC=C4)C(OC)=C1      ,1
6318,CCOC(=O)C1=CC=C(COC(=O)CCC2=NC(=C(O2)C3=CC=CC=C3)C4=CC=CC=C4)C=C1      ,1
6538,CN1C=C(C(=N1)C(=O)NC2=NC(=CS2)C3=CC=C(Cl)C=C3)[N+]([O-])=O      ,1
11994,COC1=CC=C(C=C1)S(=O)(=O)NC2=CC(=CC=C2)C3=CC=C(N=N3)N4CCCCCC4      ,1
4405,COC1=CC=C(CCNC(=O)C(\C#N)=C2/N=C(NC(=O)C3=CC=CS3)C4=CC=CC=C24)C=C1      ,1
5106,OC1=NC(CSC2=NC(=CS2)C3=CC=CC=C3)=NC4=CC=CC=C14      ,1
5556,CN1C=CC=C1CC(=O)NN=CC2=C3C=CC=CC3=CC4=CC=CC=C24      ,1
4113,CC1=CC=C(C=C1)C2=NN(CC(=O)NCCC3=CCCCC3)N=N2      ,1
8711,COC(=O)C1=CC=C(C(=O)OC)C(NC(=O)N2C3=CC=CC=C3SC4=CC=CC=C24)=C1      ,1
11833,CC1=C(C)C2=CC(=CC=C2N1CC3=CC=CC=C3)C(=O)NCC4=CC=CO4      ,1
11703,CCC1=CC=C(C=C1)C2N3N=CC(C(=O)NC4=CC=C(C)C=C4)=C3NC(C)=C2C(=O)NC5=C(OC)C=CC=C5      ,1
9974,COC1=CC=C(C=C1)C2=CSC(=N2)C(=C/C3=CC=C(OC)C(=C3)[N+]([O-])=O)\C#N      ,1
5741,CC1=CC(\C=C(/C#N)C(=O)NCC2=CC=CS2)=C(C)N1C3=CC=C(C=C3)[N+]([O-])=O      ,1
366,CCOc4cc(C3CC(=O)N2CN(C1CCCCC1)CSC2=C3C#N)ccc4O      ,1
10633,CN1N(C(=O)C(C(C2=C(Cl)C=C(Cl)C=C2)C3=C(O)C4=C(OC3=O)C=CC=C4)=C1C)C5=CC=CC=C5      ,1
11991,CC1CCN(CC1)C2=CC=C(N=N2)C3=CC=CC(NS(=O)(=O)C4=CC=CS4)=C3      ,1
12381,CC1=CC=C(CCNC(=O)C2=CC3=C(C=C2)S(=O)(=O)C4=C(C=CC=C4)C(=O)N3CC5=CC(Cl)=CC=C5)C=C1      ,1
2692,CC1=CC=C2NC(=NC2=C1)C3=CC=CC(NC(=O)C4=CC=CO4)=C3      ,1
4838,CC1=CC=C(C=C1)C2=CSC3=NC=NC(N4CCC5=CC=CC=C5C4)=C23      ,1
11806,COC1=CC=C(C=C1)C2=NC3=CC(=O)NN3C(SCCOC4=C(Cl)C=CC=C4)=N2      ,1
9636,O=C(NCCSC1=C(NC2=CC=CC=C12)C3=CC=CC=C3)C4=CC5=CC=CC=C5OC4=O      ,1
3652,COCCN1C(=S)NC2=CC(=CC=C2C1=O)C(=O)N3CCC4=CC=CC=C34      ,1
670,Cc1ccccc1NC(=O)NCCN4C(=O)C3C2CC(C=C2)C3C4=O      ,1
12601,COC1=CC=CC(=C1)C2=CC(=O)C3=C(N2)C=CC(NC(=O)C4=CC=CC=C4)=C3      ,1
7003,COC1=CC=C(Cl)C=C1N(CC(=O)NN=CC2=CC=C(OCC=C)C=C2)S(=O)(=O)C3=CC=C(C)C(=C3)[N+]([O-])=O      ,1
8511,COC1=CC=C(C=C1)N2C(CCC3=CC=CC=C3)=NN=C2SCC(=O)C4=CC=C(Cl)C=C4      ,1
7785,BrC1=CC=C(S1)\C=C(\C#N)C(=O)NCCC2=CNC3=CC=CC=C23      ,1
1102,Cc3ccc(c2nc(NC(=O)CSc1nnc(C)s1)ns2)cc3      ,1
744,CC3CCN(C(=O)C(NS(=O)(=O)c2ccc1nc(C)sc1c2)C(C)C)CC3      ,1
5208,FC1=CC=CC(CSC2=NC3=CC=CC=C3C(=O)N2C4=CC=CC(=C4)S(=O)(=O)N5CCCC5)=C1      ,1
3659,FC(F)(F)C1CC(NC2=CC(=NN12)C(=O)NCC3=CC=C4OCOC4=C3)C5=CC=C6OCOC6=C5      ,1
3390,NC1=CC(=CC=C1O)C2=CC=CC=C2      ,1
3887,CC(C)COC(=O)NC1=NN=C(COC2=CC=CC=C2)S1      ,1
3441,CC1=CC=C(Cl)C=C1N2CCN(CC2)S(=O)(=O)C3=C(C)N=C(O)N=C3O      ,1
1261,CC1=CC=C(C=C1)C2=CC(=NN2C3=CC=C(C=C3)S(=O)(=O)N)C(F)(F)F      ,1
7918,O=C(NN=CC1=CC=CS1)C2CN(C(=O)C2)C3=CC=CC=C3      ,1
10043,CC1=CC(NC(=O)CSC2=NN=C(NC(=O)C3CN(C(=O)C3)C4=CC=CC=C4)S2)=NO1      ,1
4631,COC1=CC=C(C=C1)C2=NN(C=C2\C=C\C(=O)OCC(=O)NC3=CC=C(C=C3)C#N)C4=CC=CC=C4      ,1
11229,CN(C)C1=CC=C(CN(CC2=CC=CO2)C(=O)COC3=CC(C)=C(Cl)C(C)=C3)C=C1      ,1
11182,COC1=CC=CC(=C1)C2=NOC(COC3=CC=C(C=C3)C(C)(C)C)=N2      ,1
2367,CC1=CC=C(C)C2=NC(O)=C(CN(CC3=CC=CO3)S(=O)(=O)C4=CC=C5OCCOC5=C4)C=C12      ,1
10999,CC1=CC=C(CN2CCSC3=CC=C(C=C23)C(=O)NC4=C(F)C=C(F)C=C4)C=C1      ,1
5149,CN(C1=CC=CC=C1)S(=O)(=O)C2=CC=CC(=C2)C(=O)OCC(=O)C3=C(C)C(C(C)=O)=C(C)N3      ,1
6701,COC1=CC=C(CN2C(=N)C3=CC(OC)=C(OC)C=C3N=C2SCC4=CC=C(C)C=C4)C=C1Cl      ,1
7378,CC1=CC=C2NC(=NC2=C1)C(=C/C3=CC=C(O3)[N+]([O-])=O)\C#N      ,1
11471,COC1=CC(=CC(OC)=C1OC)C2=NOC(=N2)C3=CC(=C(NC4CCCC4)C=C3)[N+]([O-])=O      ,1
11503,FC1=CC=C(NC2=NC3=C(COC4=C3C=CC=C4)C(=N2)C5=CC=C(F)C=C5)C=C1      ,1
3100,CCN1C(SCC(=O)NC2=NC=CS2)=NN=C1C3=CC4=CC=CC(OC)=C4O3      ,1
11672,COC1=CC=C(NCC2=CC3=CC4=C(OCO4)C=C3N(CC(=O)NC5=CC(F)=CC=C5)C2=O)C=C1      ,1
6740,CC1=CC=CC2=CC(CN(CC3=CC=CS3)S(=O)(=O)C4=CC=C5OCCOC5=C4)=C(O)N=C12      ,1
10790,CC1=CC(NS(=O)(=O)C2=CC=C3NC=C(C(=O)NC4CCCCC4)C(=O)C3=C2)=CC(C)=C1      ,1
3634,COC1=CC=C(NC(=O)CSC2=NC3=CC=CC=C3C(=O)N2C4=CC=C5OCOC5=C4)C(OC)=C1      ,1
2955,O=C(CSCCSCC(=O)C1=CC=CO1)C2=CC=CO2      ,1
11651,COC1=CC=C(C=C1)C2=NOC(CN3C(=O)N(CC(=O)NC4=CC(OC)=CC=C4)C5=C(C=CC=C5)C3=O)=N2      ,1
7211,CC1=CC=CC(NC2=C(C=C(C3=CC=CN=C23)[N+]([O-])=O)[N+]([O-])=O)=C1C      ,1
6553,CC1CC\C(=C/C2=CC=C3OCOC3=C2)C(=O)\C1=C\C4=CC=C5OCOC5=C4      ,1
6298,CCCCC1CCC(CC1)C(=O)NC2=CC=CC=C2      ,1
10708,COC1=C(O)C=CC(=C1)C2=C(NC3=CC=C4OCCOC4=C3)N5C=C(Cl)C=CC5=N2      ,1
2697,CN1C(SCC2=NC3=CC=CC=C3S2)=NN=C1C4=CC=C5OCOC5=C4      ,1
3274,COC1=CC=C(C=C1)N2C(=O)C3=CC=CC=C3N=C2SCC(=O)NC4=CC=C5OCOC5=C4      ,1
94,Oc3cc2oc(c1ccccc1)cc(=O)c2c(O)c3O      ,1
12610,COC1=CC=C(\C=C\C2=C(CC[N+](C)(C)C)C=C(OC)C(OC)=C2)C=C1      ,1
8787,CC1=CC=CC(N2C(C=O)C(OC3=CC=C(Cl)C=C3Cl)C2=O)=C1C      ,1
1414,CC1=CC(=C(C=C1)NC(=O)CC2=CC=C(C=C2)N3C(=NC4=C3N=CC=C4)C)Cl      ,1
7446,COC(=O)\C=C1/OC(=CC1=O)C2=CC=CC=C2      ,1
6149,CCC(C)(C)C1CCC2=C(C1)SC(NC(=O)C3=CC=CS3)=C2C(N)=O      ,1
8102,CC1=CC(C)=C2OC(=NC2=C1)C3=CC=C(C)C(NC(=S)NC(=O)\C=C\C4=CC=CO4)=C3      ,1
10928,CC1=CC(C)=C(NC(=O)CN2N=NC(=C2N)S(=O)(=O)C3=CC(C)=C(C)C=C3)C(C)=C1      ,1
11704,CCOC1=C(NC2(C(=O)C3=C(C=CC=C3)C2=O)C4=CC=CC=C4)C=CC=C1      ,1
12402,COC1=CC=C(C=C1)C(=O)N(C2=CC=C(C)C=C2)S(=O)(=O)C3=CC=C(C)C=C3      ,1
7733,CC1=CC=C2C(SC3=C(C4=CC=C(Br)C=C4)C(C#N)=C(N)N=C23)=N1      ,1
3834,CN1N(C(=O)C(NC(=O)OCC2=CC=CC=C2)=C1C)C3=CC=CC=C3      ,1
9618,CC1CCCCN1S(=O)(=O)C2=CC=C(C=C2)C(=O)NC3=CC=CC=C3C4=NC5=CC=CC=C5S4      ,1
1134,CCN2CCN(CC(O)COc1ccc(C(C)=O)cc1)CC2      ,1
3174,CC1=CC(NC(=O)CSC2=NC(=CC(=N2)C(F)(F)F)C3=CC=CS3)=NO1      ,1
2080,CC1=CC=C(C=C1)S(=O)(=O)C2=C(OC(=N2)C)NCC3=CC=CC=C3      ,1
6765,COC1=CC=CC=C1N=C(S)N(CC2=CC=CO2)CC3=CC4=CC(C)=C(C)C=C4N=C3O      ,1
456,COc3ccc(S(=O)(=O)Cc2ccc(C(=O)N1CCOCC1)o2)cc3      ,1
7103,CCCCCCC1=NC2=CC=CC=C2C(=O)N1NC(=O)C3=C(O)C4=C(CCCC4)N(CC(C)C)C3=O      ,1
9950,O=C(\C(=C\C1=CC=CO1)N2C=CC=CC2=C(C#N)C#N)C3=CC=C(C=C3)C4=CC=CC=C4      ,1
9325,NC1=NC(NCC2=CC=CC=C2)=NC(NCC3=CC=CC=C3)=C1[N+]([O-])=O      ,1
6004,C1=C(C=C2C=CC=CN12)C3=CC=C4C=CC=CC4=C3      ,1
11647,CC1=CC2=C(C=C1)C(CNCCC3=CC=CC=C3)=C(N2CC4=CC=C(C=C)C=C4)C(O)=O      ,1
10743,CC1=CC(NC(C2=NN=C(O2)C3=CC=CC=C3)C4=CC(Cl)=CC=C4)=CC(C)=C1      ,1
4096,COC(=O)CSC1=C(C#N)C(CC(=O)N1)C2=CSC=C2      ,1
11407,COC1=C(OCCSC2=NC3=C(S2)C=C(NC(=O)C4=CC=CS4)C=C3)C=CC(C)=C1      ,1
2559,CC1=CON=C1NC(C2=CC=CS2)C3=CC=C4C=CC=NC4=C3O      ,1
9743,CN1N(C(=O)C(N=C(S)NN=C\C=C\C2=CC=C(C=C2)[N+]([O-])=O)=C1C)C3=CC=CC=C3      ,1
759,CCOC(=O)C4CCCN(c3c(N2CCc1ccccc1C2)c(=O)c3=O)C4      ,1
10877,COCCCNC(=O)CSC1=C2CCCCC2=NC3=C1C=C(Cl)C=C3      ,1
9388,CC1=CC(C=NN2C(=O)C3=CC=CC=C3N=C2COC4=CC=CC=C4C)=C(O)C(=C1)[N+]([O-])=O      ,1
9406,COC1=CC=C(C=C1)C2=NC3=CC=CC=C3C(=O)N2CCOC4=C(C)C=CC=C4C      ,1
3402,O=C(CCSC1=NN=C2SC=C(N12)C3=CC=CC=C3)NC4=NC(=NS4)C5=CC=CC=C5      ,1
4336,ClC1=CC=CC=C1C2=CC(COC3=CC=C4C=CC=CC4=C3)=NO2      ,1
10754,CCOC1=CC=C(NC2=NC(C)=C(NC(=O)C3=CC(OC)=CC=C3)C(NC4=CC=C(OCC)C=C4)=N2)C=C1      ,1
8344,CN(CC1=CC=CC=C1)C2=NC(=NC3=CC=CC=C23)C4=CC=CC(=C4)[N+]([O-])=O      ,1
6341,CC1=CC=CC(NC(=O)CSC2=NC3=CC=C(NC(=O)CSC4=NN=NN4C5=CC=CC=C5)C=C3S2)=C1C      ,1
2555,CC1=CC=C(C=C1)C2=NC(NC(=O)CSC3=NN=NN3C4=CC=CC=C4)=NS2      ,1
10838,CCOC1=CC=C(C=C1)C2=NNC3=C2C(N(C3=O)C4=CC=C(Br)C=C4)C5=CC=CS5      ,1
10365,CC1=CC2=C(C=C1)N=C(S2)C3=CC=C(NC(=O)COC4=C(C)C(C)=CC=C4C)C=C3      ,1
3132,CC(=O)OCC(=O)[C@H]1CC[C@H]2[C@@H]3CC=C4C[C@@H](O)CC[C@]4(C)[C@H]3CC[C@]12C      ,1
5950,CC1=CC=C(C=C1C)N(CC2=CC=C(C=C2)C(=O)NC3=CC=CC=C3C(=O)NCC4=CC=CO4)S(C)(=O)=O      ,1
5187,CC(=O)C1=C(C)NC(C(=O)COC(=O)C2=CC(=CC=C2Cl)S(=O)(=O)N(CC=C)C3=CC=CC=C3)=C1C      ,1
7767,CC1=CC=C(C=C1)C(=O)CNC2=CC=C(C)C(Cl)=C2      ,1
2040,C1CCN(CC1)CCNC2=C(N=C(O2)C3=CC=CC4=CC=CC=C43)C#N      ,1
11716,COC1=CC=CC(=C1)N2C(=O)CSC23C(=O)N(CC(=O)NC4=CC(Cl)=CC=C4)C5=C3C=CC=C5      ,1
7840,OC1=C(Cl)C=C(Cl)C=C1\C=C(/C#N)C(=O)NC2CCCCC2      ,1
12548,CC1=CC=C(C=C1)C2=CC=CC(=C2)C3=CC(=O)OC4=C3C=C(C=C4)C(C)(C)C      ,1
10734,COC1=C(NC(=O)C2=C(N)C3=C(C4=CC=CS4)C(C(=O)NC5=C(C)C=C(C)C=C5)=C(C)N=C3S2)C=CC=C1      ,1
7375,CC1=CC=C(C=C1NC(=O)C2=CC=C3OCOC3=C2)C4=NC5=CC=CC=C5S4      ,1
9880,FC1=CC=C(C=C1)S(=O)(=O)NC2=CC=CC=C2C(=O)NC3=CC(=CC=C3Cl)S(=O)(=O)N4CCCCC4      ,1
672,CCOc3ccc(N(CC(=O)N1CCCC1)S(=O)(=O)c2c(C)noc2C)cc3      ,1
5830,Cl.COCCN(C(=O)COC1=CC=C(Cl)C=C1)C2=NN=C(S2)C3=CC=CN=C3      ,1
8526,CCCOC1=CC=C(C=C1)C2=[N+]([O-])C3=CC=CC=C3N(OCC4=CC=C(C=C4)[N+]([O-])=O)C2=O      ,1
7058,ClC1=CC=C(C=NC2=C(N=C3SCCN23)C4=CC=C(Cl)C=C4)C=C1      ,1
10395,CCOC1=C(NC(=O)N2C3=C(SC4=C2C=CC=C4)C=CC=C3)C=CC=C1      ,1
390,CCn3cc(C(=O)NCc1ccc(Cl)cc1)c(=O)c4cc(S(=O)(=O)N2CCOCC2)ccc34      ,1
12245,CCOC1=CC=C(C=C1)C2=CN(C(SCC(=O)NC3=C(Cl)C=CC=C3)=N2)C4=CC=C(OC)C=C4      ,1
5868,BrC1=CC=C(C=C1)C(=O)COC(=O)C2=CC=CC(=N2)C(=O)OCC(=O)C3=CC=C(Br)C=C3      ,1
443,Cc4ccc(CNC(=O)c3cc2c(c1ccc(Cl)cc1)nn(C)c2s3)o4      ,1
8285,BrC1=CC=C(C=C1)C(=O)\C=C\NCC(=O)C2=CC=CC=C2      ,1
3872,COC1=CC=C(C=NN2C=C(N=C2N)C3=CC=CC=C3)C=C1      ,1
3407,OC(=O)CCCC(=O)NC1=NC(=CS1)C2=CC=C(F)C=C2      ,1
2596,CN1C(=CC2=C(O)N=C3C=CC=CC3=C12)C(=O)N4CCN(CC4)C5=CC=C(Cl)C=C5      ,1
5605,O=C1CSC(N1C2=CC=C(OC3=CC=CC=C3)C=C2)C4=CC=C5OCOC5=C4      ,1
11560,COC1=CC=C(C=C1)C2C=C(NC3=C(C=NN23)C(=O)NC4=CC=CC=C4)C5=CC=C(C)C=C5      ,1
2018,C1=CSC(=C1)C(=O)NC2=CC=C(C=C2)C3=NC4=C(N3)C=C(C=C4)NC(=O)C5=CC=CS5      ,1
1458,C1=CC=C2C3C4([C@@H]([C@H](N3N=CC2=C1)C(=O)C5=CC=C(C=C5)F)C6=CC=CO6)C(=O)C7=CC=CC=C7C4=O      ,1
6471,CC1=CC=C(C=C1)C(=O)N2C=C(C3=CC=CC=C23)C4=CC=C(Cl)N=N4      ,1
4176,CC12C(C3C4=CC=CC=C4C1C5=CC=CC=C35)C(=O)N(C2=O)C6=CC=CC(OC(=O)C7=CC=CO7)=C6      ,1
2445,CCOC(=O)C1=C(C)N=C2SC(C)C(=O)N2C1\C=C\C3=CC=CC=C3OC      ,1
9115,CCCCN1C(=O)NC(=O)\C(=C\C=C\NC2=CC=CC=C2)C1=O      ,1
6446,CCCSC1=NC(O)=C2C(SC3=C2CCN(CC4=CC=CC=C4)C3)=N1      ,1
12464,NC1=NC(NC[C@H]2CC[C@H](CN[S+]([O-])(=O)C3=CC=CC4=C3C=CC=C4)CC2)=NC5=C1C=CC=C5      ,1
8449,CC(C)(C)C1=CC=C(C=C1)C(=O)NCC2=CC=C(Cl)C=C2      ,1
1284,CC1=C(C(=C(C(=C1O)C(=O)C)O)CC2=C(C3=C(C(=C2O)C(=O)C=CC4=CC=CC=C4)OC(C=C3)(C)C)O)O      ,1
9997,COC1=CC=C(NC(S)=NCC2=CC=C3N(C)C(C)=CC3=C2)C=C1      ,1
4814,[O-][N+](=O)C1=CC=C(Cl)C(NC(=O)COC2=NC=NC3=C(Cl)C=C(Cl)C=C23)=C1      ,1
4927,COC1=CC=C(C)C=C1N2C(=O)C(C(C3=NC4=CC=CC=C4S3)=C2N)C5=CC=CC=C5      ,1
767,CSc1ccccc1NC(=O)c2cc(CC(C)C)on2      ,1
1997,CCOC1=C(C=C(C=C1)/C=C\2/C(=O)N(C(=S)S2)NC3=CC=CC=C3)OC      ,1
5362,FC1=CC=C(NC(=S)N2CCN(CC2)S(=O)(=O)C3=CC=C4C=CC=CC4=C3)C=C1      ,1
225,CSc4ccc(C1C(C#N)=C(N)Oc2c1ccc(=O)c3c(C)oc(C)c23)cc4      ,1
6103,CCC1CCCCN1C(=O)CCCOC2=CC=CC=C2      ,1
607,COc3cc(NC(=O)c2nnn(Cc1ccc(SC)cc1)c2N)cc(OC)c3      ,1
6054,COC1=CC=C(C=C1)N2C(N(N=C2C(C)=O)C3=CC=CC=C3)C4=CC=CS4      ,1
3693,O=S(=O)(N=C(NC1=CC(=NC=N1)N2CCOCC2)C3=CC=CC=C3)C4=CC=CC=C4      ,1
4131,CN1C(=CC2=C1C=CS2)C(=O)OC(C(=O)NC3CCCCC3)C4=CC=CN=C4      ,1
4173,CC1CC2=CC(=CC=C2N1S(C)(=O)=O)C3=CSC(NC(=O)CC4=CC=CC=C4)=N3      ,1
12623,[H][C@@]2(OC(=O)NC1=CC(Br)=C(C)C=C1)C(=O)C3=C(O[C@@]2([H])C4=CC5=C(OCO5)C=C4)C=CC(Br)=C3      ,1
3954,CCC1=CC=C(C=C1)N2C(=O)C3=C(N4C(S3)=NN=C(C)C4=O)C2=O      ,1
5622,COC(=O)C1=CNN=C1N=C(S)NC2=CC=C(Cl)C(Cl)=C2      ,1
6380,CN1C=C(C=C1C(=O)NN=C(N)COC2=CC=C(Cl)C=C2Cl)C(=O)C3=CC=C(Cl)C=C3Cl      ,1
5246,FC1=CC=CC=C1NC2=NN=C(SCC(=O)NC3=CC=CC(=C3)S(=O)(=O)N4CCCCC4)S2      ,1
954,CN(C)CCNC(=O)CC2Oc1ccc(C)cc1NC2=O      ,1
7419,BrC1=NC(=CC(C2=CC=CC=C2)=C1C#N)C3=CC=CC=C3      ,1
4789,CC1=CC=C(C)C(NC(S)=NN=C2CCCCC3=CC=CC=C23)=C1      ,1
10950,CC1=CC2=C(C=C1)N(CC(=O)NC3=CC=CC=C3)C=C(C2=O)S(=O)(=O)C4=CC(C)=C(C)C=C4      ,1
1860,CC\1(C2=CC=CC=C2N(/C1=C\C(=O)COC(=O)CNC(=O)C3=CC=CC=C3F)C)C      ,1
11061,CCN1C(=CC2=C1C3=C(O2)C=CC=C3)C(=O)NCC4=C(Br)C=CC=C4      ,1
8406,ClC1=C(SC2=CC=CC=C12)C(=O)NC3=NCCS3      ,1
4164,COC1=CC=CC=C1C(=O)NC2=CC=C(C=C2)S(=O)(=O)N3CCC4=CC=CC=C34      ,1
12087,FC1=CC=C(C=C1)N2CCN(CC2)C(=O)C3=CC=C(NC(=O)C4=NSC5=C4C=CC=C5)C=C3      ,1
7467,O=C(CC1=NN=C(NC(=O)C2=CC=CC=C2)S1)NN=CC3=CC=CO3      ,1
8561,COC(=O)C1=C(SC2=C1CCCCC2)N=C(S)NC3=CC=C(F)C=C3[N+]([O-])=O      ,1
676,COc4ccc(C3CC(c1c(Cl)cccc1Cl)n2nc(N)nc2N3)cc4      ,1
6663,NC(S)=NN=CC1=CC=CC=C1OCC2=CC=CC(Cl)=C2      ,1
5744,[O-][N+](=O)C1=CC=C(C=C1)C(=O)NN=C\C=C\C2=CC=C3OCOC3=C2      ,1
12127,CC1=CC=C(C=C1)N2C=C(C(=O)OC3=CC(C)=CC=C3)C4=C(C=CC=C4)C2=O      ,1
2562,COC1=CC=CC(C2C(C#N)=C(N)OC3=C2C(=O)CCC3)=C1OC(=O)C4=CC=CO4      ,1
7718,CC1=CC2=C(C=C1C)C(COC(=O)C3=C4C=CC=CC4=NN3)=CC(=O)O2      ,1
944,Cn3c(Cn1c(=O)sc2ccccc12)nnc3SCC(=O)Nc4ccccc4      ,1
967,Cc4ccc(NC(=O)CSc3nnc(Cn1c(=O)sc2ccccc12)n3C)cc4Cl      ,1
8022,CC1=CC=C(OCC(=O)NC(=S)NC2=CC=CC(NC(=O)C3=CC=CC=C3Cl)=C2)C=C1      ,1
8216,CC(=O)C1=CC=C(NC(=O)C(\NC(=O)\C=C\C2=CC=CC=C2)=C/C3=CC=CC=C3)C=C1      ,1
4380,CC(C)OC1=CC(N2N=C(N=C2C)C(=O)NC3=CC=CC(Cl)=C3Cl)=C(Cl)C=C1Cl      ,1
3509,CCOC1=CC=CC=C1N2CCN(CC2)C(=O)C3=CC=CC=C3      ,1
3104,CCC1=CC=C(C=C1)C(=O)CSC2=NC(O)=C3C=CC=CC3=N2      ,1
6661,COC1=CC=C(CNC(=O)C2=CC=C(C=C2)C3=CC=CC=C3)C=C1      ,1
8852,O=C(NC1=CC=CC=C1)C(=C\C=C\C2=CC=CC=C2)\C#N      ,1
12616,[H][C@@](CC1=CC=CC=C1)(NC(=O)O[C@@]2([H])C(=O)C3=C(O[C@]2([H])C4=CC(Br)=C(OC)C=C4)C=CC(OC)=C3)C(=O)OC      ,1
7043,OC1=C(C=NN=C2C3=CC=CC=C3C4=CC=CC=C24)C=CC=C1[N+]([O-])=O      ,1
6593,CCCC(=O)OC1=CC=CC=C1C2SCC3=CC(C)=C(C)C=C3CS2      ,1
7686,CC1=NN(CC2=CC=CC=C2Cl)C(Cl)=C1\C=C\C(=O)OCC(=O)NC(N)=O      ,1
3696,CN(CC(=O)NC1=NC=C(C)S1)S(=O)(=O)C2=CC=C(Cl)C=C2      ,1
4773,ClC1=CC=C(NC(=O)N=C2N(CC3=CC=CC=C23)C4=CC=C(C=C4)C#N)C=C1      ,1
9168,OC1=CC=C(C=C1C=NN2C=NC3=CC=CC=C23)[N+]([O-])=O      ,1
5029,CC1=CC=C(CNC(=O)COC(=O)C2=CC=C(Br)C=C2)C=C1      ,1
874,Cc3cccc(c2nc(CS(=O)CC(=O)NC1CCCC1)c(C)o2)c3      ,1
9721,COC(=O)C1=CN(CC2=C(C)C=C(C)C=C2C)N=N1      ,1
7941,CCOC(=O)NC(N=C(S)NC1=CC=C(OCC)C=C1)C(Cl)(Cl)Cl      ,1
2905,CC1=CC2=C(C=C1Cl)C(CN3CCC4=CC=CC=C34)=CC(=O)O2      ,1
2985,CC1=CC=CC(=C1)C2=NOC(=N2)C3=CC=C(F)C=C3      ,1
2438,COC1=CC=C(C=C1)N2N=CC3=C(NCC4=CC=C5OCOC5=C4)N=CN=C23      ,1
286,CCOC(=O)C(C(C)=O)c2c(Br)c(O)c(O)c3c(C(=O)c1ccc(C)cc1)coc23      ,1
3026,COC(=O)C1=C(C)C2=C(CC(CC2=O)C3=CC=CC=C3)N1      ,1
9666,COC1=CC=C2C=C(C3CC(=NN3S(=O)(=O)C4=CC=CC=C4)C5=CC=CO5)C(Cl)=NC2=C1      ,1
7204,O=C(NC1=CC=CC=C1)NC2(CCCCC2)C(=O)NCC3=CC=CS3      ,1
6437,CCOC(=O)C1=CN=C(SC)N=C1SC2=CC(Cl)=CC=C2Cl      ,1
4967,[O-][N+](=O)C1=CC=C(O1)C=NNC2=CC=C3C=CC=CC3=C2      ,1
6915,CC1=CC=CC2=CC3=C(SC(C(=O)N4CCCC5=CC=CC=C45)=C3N)N=C12      ,1
4506,ClC1=CC=CC=C1C(=O)NCCC(=O)NC2=NC(=CS2)C3=CC=C4C=CC=CC4=C3      ,1
7780,Br.C1COC2=CC(NC3=NC(=CS3)C4=CC=CC=C4)=CC=C2O1      ,1
2195,C1=CC(=CC=C1C2=NC3=C(O2)C=C(C=C3)N)N      ,1
4704,FC1=CC=C(C=C1)C2=CC(C(=O)NC3=CC=CC(=C3)S(=O)(=O)NCC4=CC=CO4)=C5C=CC=CC5=N2      ,1
9022,CC(=O)C1=CC2=C(OCO2)C=C1N=C(NS(=O)(=O)C3=CC=C(C)C=C3)C4=CC=C(Cl)C=C4      ,1
10658,CC(=O)NC1=C(N=NN1C2=CC=C(C)C=C2)C(=O)NC3=CC(C)=CC=C3      ,1
4418,CN1C2=CC=CC=C2C3=C1SC(=C3)C(=O)NNS(=O)(=O)C4=CC=C(F)C=C4      ,1
9390,CC1=CC=C2N=C(SC2=C1)C3=CC=C(NS(=O)(=O)C4=CC=C(F)C=C4)C=C3      ,1
9960,O=C(NC1=NC(=CS1)C2=CC=C(C=C2)C#N)\C=C\C3=CC=CS3      ,1
11571,CC(C)OC1=CC=C(CNCC2=C(N(CC3=CC=C(C)C=C3)C4=C2C=CC(C)=C4)C(O)=O)C=C1      ,1
7577,CC(C)C1CCC(C)CC1OC(=O)CSC2=NC(N)=CC(O)=N2      ,1
3406,CCN1C(=S)SC(C(=O)NCC2=CC=CO2)=C1N      ,1
4524,ClC1=CC=CC=C1C(=O)NCCC(=O)NC2=NC(=CS2)C3=CC=CC=C3Cl      ,1
1628,C1=CC=C(C(=C1)/C=N/NC(=S)N)OCCSC2=CC=C(C=C2)Cl      ,1
5747,CC1=CC=C(C=C1)C(\O)=C\C(=O)C(=O)NNC(=O)C(O)(C2=CC=CC=C2)C3=CC=CC=C3      ,1
9757,CC(=O)C1=NN(C=C1C(=O)C2=CC=C(Br)C=C2)C3=CC=CC=C3      ,1
4190,COC(=O)C1=C(NC(=O)C2=CC(=NC3=CC=CC=C23)C4=CC=C(C)C=C4)C=CS1      ,1
6224,[Br-].ClC1=CC=C(C=C1)C2=C3CCCCN4C(=C[N+](C2)=C34)C5=CC=CC=C5      ,1
5205,[O-][N+](=O)C1=CC=C(N2CCN(CC2)C3=CC=CC=C3F)C(=C1)S(=O)(=O)N4CCOCC4      ,1
10236,Cl.Cl.COC1=C2OC3=C4C(CC5=CC=CC(OC6=CC(O)=C(CC7N(C)CCC(=C1)C7=C2)C=C6)=C5)N(C)CCC4=CC(OC)=C3OC      ,1
1045,CCOC(=O)c1c(C)n(C)c(=O)c(C(C)=O)c1c2ccccc2      ,1
6283,O=C(NC1=NN=C(S1)C2CC2)C3=CC=C(C=C3)S(=O)(=O)C4=CC=CC=C4      ,1
4602,CSC1=NC=CC=C1C(=O)NC2=NC3=CC=C(OC4=CC=CC=C4)C=C3S2      ,1
6768,CN(C)S(=O)(=O)C1=CC=C(C=C1)N2C(=O)CC2(\C=C\C3=CC=CC=C3)C(=O)NC4CCCC4      ,1
5552,CC1=CC(C)=C(NC2=C(C=C(C3=CC=CN=C23)[N+]([O-])=O)[N+]([O-])=O)C(C)=C1      ,1
11952,CCC1=C(C)SC2=C1CCN(C2C3=CC=C(OC)C=C3)C(=O)NC4=C(C)C=CC(C)=C4      ,1
6903,CCSC1=NN=C2N=C3C4=CC=CC=C4CC5(CCCC5)C3=C(O)N12      ,1
2685,O=C(CSC1=NN=NN1C2=CC=CC=C2)C3=CC4=CC=CC=C4OC3=O      ,1
545,Cc3cc(C)n2nc(S(=O)(=O)NCCc1ccccc1)nc2n3      ,1
2047,CCSC1=NN=C(S1)NC(=O)/C=C/C2=CC3=C(C=C2)OCO3      ,1
10546,CN(C)C1=CC=C(C=C1)C(=O)NC2=CC3=C(C=C2)N=C(NC4=CC=CC(=C4)C(F)(F)F)C=C3C      ,1
5026,CC(C)(C)C1=CC=C(C=C1)C(=O)NC(=S)NC2=NC3=C(CCCC3)S2      ,1
7455,NC1=NC(=O)\C(S1)=C/C=C/C2=CC=CC=C2      ,1
8336,FC1=CC=C(C=C1)C2=NN(C=C2C=NNC(=O)C3=CC=C4OCOC4=C3)C5=CC=CC=C5      ,1
5141,OC1=NC(CC2=CC=C(F)C=C2)=NC3=C1C(=CS3)C4=CC=C(F)C=C4      ,1
12097,CCOC1=CC(=CC(OCC)=C1OCC)C(=O)N2CCC3=C(NC4=C3C=CC=C4)C2C5=CC=CC=C5      ,1
9754,CN1C2=CC=CC=C2C(C)(C)\C1=C\C=C3/C(=O)OC4=CC=CC=C4C3=O      ,1
